frame,timestamp,yaw,pitch,roll,label
0,0.0,6.0,-4.6,-0.06,focused
1,0.03333333333333333,5.18,-5.05,-0.39,focused
2,0.06666666666666667,4.38,-6.19,-1.35,focused
3,0.1,3.32,-6.71,-1.55,focused
4,0.13333333333333333,0.89,-7.42,-0.53,focused
5,0.16666666666666666,-0.91,-7.84,-1.1,focused
6,0.2,-2.0,-7.5,-1.51,focused
7,0.23333333333333334,-1.86,-6.71,-0.65,focused
8,0.26666666666666666,-1.9,-4.99,-0.85,focused
9,0.3,-2.05,-3.65,-2.46,focused
10,0.3333333333333333,-1.62,-4.86,-2.4,focused
11,0.36666666666666664,-0.88,-4.49,-1.61,focused
12,0.4,-1.37,-4.31,-2.32,focused
13,0.43333333333333335,-1.49,-5.7,-1.68,focused
14,0.4666666666666667,-0.09,-7.25,-0.75,focused
15,0.5,-0.68,-6.48,0.41,focused
16,0.5333333333333333,0.15,-6.36,-0.19,focused
17,0.5666666666666667,-0.04,-5.98,1.28,focused
18,0.6,0.2,-5.82,-0.02,focused
19,0.6333333333333333,-1.34,-4.27,0.6,focused
20,0.6666666666666666,-1.03,-3.26,0.45,focused
21,0.7,-2.7,-3.61,1.88,focused
22,0.7333333333333333,-2.43,-2.87,-0.28,focused
23,0.7666666666666667,-1.13,-2.7,0.2,focused
24,0.8,0.16,-4.38,-0.74,focused
25,0.8333333333333334,0.59,-4.1,-1.27,focused
26,0.8666666666666667,0.43,-4.62,-1.64,focused
27,0.9,0.79,-5.87,0.24,focused
28,0.9333333333333333,0.07,-5.34,-0.01,focused
29,0.9666666666666667,-0.35,-4.39,-0.75,focused
30,1.0,-0.41,-5.12,-0.44,focused
31,1.0333333333333334,0.16,-5.66,-1.24,focused
32,1.0666666666666667,-0.51,-5.83,-1.65,focused
33,1.1,-0.2,-5.28,-1.12,focused
34,1.1333333333333333,0.38,-5.09,-1.39,focused
35,1.1666666666666667,0.06,-5.21,0.08,focused
36,1.2,0.1,-4.18,0.31,focused
37,1.2333333333333334,-0.73,-3.01,0.86,focused
38,1.2666666666666666,-0.34,-4.69,1.6,focused
39,1.3,-2.0,-4.29,4.06,focused
40,1.3333333333333333,-2.96,-4.67,2.65,focused
41,1.3666666666666667,-3.27,-5.78,2.71,focused
42,1.4,-3.17,-6.18,1.71,focused
43,1.4333333333333333,-2.41,-6.1,0.67,focused
44,1.4666666666666666,-0.19,-7.19,-0.51,focused
45,1.5,2.1,-7.82,-0.46,focused
46,1.5333333333333334,2.87,-6.42,-1.24,focused
47,1.5666666666666667,2.61,-6.39,-0.51,focused
48,1.6,1.31,-5.71,-0.72,focused
49,1.6333333333333333,0.73,-4.8,-1.29,focused
50,1.6666666666666667,1.29,-3.55,-2.12,focused
51,1.7,1.68,-4.6,-0.9,focused
52,1.7333333333333334,4.16,-5.41,-0.5,focused
53,1.7666666666666666,4.33,-5.12,1.04,focused
54,1.8,3.85,-5.75,0.94,focused
55,1.8333333333333333,1.17,-6.08,1.86,focused
56,1.8666666666666667,0.79,-5.0,1.39,focused
57,1.9,1.08,-4.67,2.45,focused
58,1.9333333333333333,1.29,-5.68,0.67,focused
59,1.9666666666666666,2.02,-5.36,1.63,focused
60,2.0,3.31,-5.35,0.92,focused
61,2.033333333333333,1.52,-6.12,1.42,focused
62,2.066666666666667,0.28,-6.71,-0.1,focused
63,2.1,0.04,-6.72,0.63,focused
64,2.1333333333333333,-0.38,-7.28,0.42,focused
65,2.1666666666666665,-0.3,-6.58,1.56,focused
66,2.2,-0.16,-6.88,1.35,focused
67,2.2333333333333334,0.14,-5.82,3.56,focused
68,2.2666666666666666,0.33,-4.61,4.04,focused
69,2.3,0.92,-4.11,4.28,focused
70,2.3333333333333335,-0.41,-4.9,3.36,focused
71,2.3666666666666667,1.05,-2.95,1.93,focused
72,2.4,1.22,-4.23,-0.67,focused
73,2.433333333333333,1.74,-4.87,-1.89,focused
74,2.466666666666667,0.37,-4.27,-2.78,focused
75,2.5,1.36,-4.11,-2.88,focused
76,2.533333333333333,3.42,-5.11,-2.97,focused
77,2.566666666666667,2.92,-4.54,-2.18,focused
78,2.6,1.04,-4.65,-1.23,focused
79,2.6333333333333333,2.62,-5.78,-0.99,focused
80,2.6666666666666665,1.93,-6.2,0.46,focused
81,2.7,0.19,-7.33,2.22,focused
82,2.7333333333333334,2.13,-6.32,0.8,focused
83,2.7666666666666666,2.43,-5.49,0.07,focused
84,2.8,2.01,-4.3,-0.28,focused
85,2.8333333333333335,2.43,-5.86,-1.96,focused
86,2.8666666666666667,1.77,-5.85,-1.53,focused
87,2.9,-1.78,-6.73,-0.54,focused
88,2.933333333333333,0.14,-8.35,0.58,focused
89,2.966666666666667,-0.29,-9.41,1.42,focused
90,3.0,-0.03,-7.82,2.07,focused
91,3.033333333333333,-0.16,-7.01,1.49,focused
92,3.066666666666667,2.85,-7.49,2.69,focused
93,3.1,-0.54,-6.71,2.35,focused
94,3.1333333333333333,-0.27,-6.5,1.95,focused
95,3.1666666666666665,-0.96,-6.49,2.41,focused
96,3.2,-0.22,-6.98,2.56,focused
97,3.2333333333333334,-1.5,-5.75,1.66,focused
98,3.2666666666666666,-0.38,-5.99,1.75,focused
99,3.3,-0.05,-5.63,1.95,focused
100,3.3333333333333335,1.72,-5.63,1.76,focused
101,3.3666666666666667,1.16,-5.35,1.88,focused
102,3.4,1.68,-5.35,2.29,focused
103,3.433333333333333,2.53,-4.6,1.66,focused
104,3.466666666666667,2.25,-4.67,1.64,focused
105,3.5,1.56,-4.8,2.57,focused
106,3.533333333333333,0.76,-5.4,2.61,focused
107,3.566666666666667,0.73,-5.51,2.2,focused
108,3.6,0.69,-6.46,2.43,focused
109,3.6333333333333333,-0.31,-5.8,2.28,focused
110,3.6666666666666665,-1.73,-5.5,1.28,focused
111,3.7,-1.29,-5.26,0.73,focused
112,3.7333333333333334,-1.83,-5.94,0.07,focused
113,3.7666666666666666,-1.59,-6.27,-0.82,focused
114,3.8,-1.63,-6.99,-0.55,focused
115,3.8333333333333335,0.67,-6.28,-0.89,focused
116,3.8666666666666667,1.21,-6.39,-1.05,focused
117,3.9,0.68,-5.89,-1.26,focused
118,3.933333333333333,0.97,-4.1,-0.48,focused
119,3.966666666666667,2.09,-3.56,-0.91,focused
120,4.0,0.84,-4.07,-0.75,focused
121,4.033333333333333,0.08,-3.45,-0.44,focused
122,4.066666666666666,1.82,-3.07,1.34,focused
123,4.1,0.54,-3.46,1.52,focused
124,4.133333333333334,2.32,-4.36,1.26,focused
125,4.166666666666667,1.5,-5.65,0.88,focused
126,4.2,1.52,-5.57,0.79,focused
127,4.233333333333333,1.94,-5.58,-0.85,focused
128,4.266666666666667,1.81,-5.8,-1.75,focused
129,4.3,1.45,-4.61,-1.53,focused
130,4.333333333333333,0.34,-2.52,-1.28,focused
131,4.366666666666666,2.33,-3.57,-1.85,focused
132,4.4,0.46,-4.11,-1.77,focused
133,4.433333333333334,1.98,-5.05,-1.07,focused
134,4.466666666666667,0.27,-5.45,-0.36,focused
135,4.5,0.86,-7.18,0.48,focused
136,4.533333333333333,-0.04,-6.67,1.77,focused
137,4.566666666666666,0.07,-5.99,2.08,focused
138,4.6,1.5,-4.3,2.02,focused
139,4.633333333333334,2.36,-4.22,2.41,focused
140,4.666666666666667,2.52,-2.89,2.28,focused
141,4.7,0.42,-3.15,0.12,focused
142,4.733333333333333,0.04,-3.43,0.98,focused
143,4.766666666666667,-1.95,-3.5,0.31,focused
144,4.8,-4.62,-3.92,-0.28,focused
145,4.833333333333333,-3.69,-5.58,-0.97,focused
146,4.866666666666666,-3.24,-4.46,0.47,focused
147,4.9,-3.91,-5.2,-1.07,focused
148,4.933333333333334,-4.04,-5.61,-0.83,focused
149,4.966666666666667,-1.84,-5.89,-1.54,focused
150,5.0,-1.91,-5.27,-1.81,focused
151,5.033333333333333,-1.8,-4.5,-2.01,focused
152,5.066666666666666,-1.56,-4.06,-1.45,focused
153,5.1,-1.72,-4.26,-0.4,focused
154,5.133333333333334,-2.76,-4.29,-0.09,focused
155,5.166666666666667,-4.95,-4.58,1.06,focused
156,5.2,-2.11,-5.91,1.39,focused
157,5.233333333333333,-1.1,-4.19,2.13,focused
158,5.266666666666667,-1.0,-5.13,0.71,focused
159,5.3,-0.27,-5.24,0.02,focused
160,5.333333333333333,1.39,-4.98,0.21,focused
161,5.366666666666666,0.62,-4.83,0.75,focused
162,5.4,0.39,-7.2,1.0,focused
163,5.433333333333334,1.05,-7.25,1.85,focused
164,5.466666666666667,-0.02,-7.62,3.26,focused
165,5.5,2.53,-7.81,2.58,focused
166,5.533333333333333,1.0,-8.1,1.34,focused
167,5.566666666666666,0.06,-7.55,-0.07,focused
168,5.6,-0.21,-6.96,-0.1,focused
169,5.633333333333334,-0.24,-6.48,-0.21,focused
170,5.666666666666667,-1.65,-6.23,-0.48,focused
171,5.7,-0.25,-6.94,0.2,focused
172,5.733333333333333,-0.05,-6.62,0.24,focused
173,5.766666666666667,-2.12,-7.57,0.41,focused
174,5.8,-0.96,-7.76,0.34,focused
175,5.833333333333333,-3.12,-7.22,-0.45,focused
176,5.866666666666666,-4.52,-6.19,-1.29,focused
177,5.9,-4.24,-5.93,-1.18,focused
178,5.933333333333334,-1.6,-5.63,-0.89,focused
179,5.966666666666667,-0.42,-6.57,-1.75,focused
180,6.0,1.82,-6.65,-0.8,focused
181,6.033333333333333,1.87,-6.63,-0.38,focused
182,6.066666666666666,3.42,-7.08,0.17,focused
183,6.1,2.17,-6.69,-0.41,focused
184,6.133333333333334,1.12,-5.46,0.25,focused
185,6.166666666666667,2.62,-4.82,-0.17,focused
186,6.2,4.43,-5.11,-1.3,focused
187,6.233333333333333,2.25,-6.39,-1.72,focused
188,6.266666666666667,2.68,-5.09,-1.26,focused
189,6.3,2.07,-4.34,-2.76,focused
190,6.333333333333333,0.23,-4.4,-3.45,focused
191,6.366666666666666,0.17,-3.95,-2.48,focused
192,6.4,1.81,-1.47,-2.16,focused
193,6.433333333333334,2.04,-2.75,-2.86,focused
194,6.466666666666667,3.09,-3.76,-1.49,focused
195,6.5,2.38,-3.94,-0.41,focused
196,6.533333333333333,2.27,-4.45,-0.32,focused
197,6.566666666666666,0.66,-6.07,-0.2,focused
198,6.6,1.17,-6.35,0.83,focused
199,6.633333333333334,1.69,-5.59,1.91,focused
200,6.666666666666667,1.4,-6.62,0.65,focused
201,6.7,1.86,-5.93,0.77,focused
202,6.733333333333333,3.11,-6.33,2.01,focused
203,6.766666666666667,2.49,-5.72,1.93,focused
204,6.8,1.61,-5.83,0.33,focused
205,6.833333333333333,2.86,-3.95,2.2,focused
206,6.866666666666666,2.95,-4.65,1.64,focused
207,6.9,2.55,-3.94,0.83,focused
208,6.933333333333334,0.73,-3.09,0.3,focused
209,6.966666666666667,-0.18,-3.83,-0.22,focused
210,7.0,0.17,-4.92,-1.8,focused
211,7.033333333333333,-2.72,-4.81,-0.2,focused
212,7.066666666666666,-2.85,-5.75,-1.01,focused
213,7.1,-1.43,-8.28,-0.95,focused
214,7.133333333333334,-1.24,-7.26,1.16,focused
215,7.166666666666667,-0.93,-7.47,1.27,focused
216,7.2,2.94,-7.23,0.27,focused
217,7.233333333333333,3.17,-6.21,0.33,focused
218,7.266666666666667,2.87,-4.92,0.35,focused
219,7.3,2.56,-5.76,-0.7,focused
220,7.333333333333333,1.18,-4.7,-1.62,focused
221,7.366666666666666,-0.3,-3.99,-2.88,focused
222,7.4,-0.62,-4.33,-3.63,focused
223,7.433333333333334,-0.83,-4.67,-2.56,focused
224,7.466666666666667,0.65,-3.48,-2.19,focused
225,7.5,-0.22,-4.69,-0.31,focused
226,7.533333333333333,-2.54,-5.01,0.79,focused
227,7.566666666666666,-2.57,-4.36,1.9,focused
228,7.6,-2.15,-3.0,0.2,focused
229,7.633333333333334,-2.47,-3.41,-0.42,focused
230,7.666666666666667,-1.02,-3.84,-0.16,focused
231,7.7,0.02,-4.59,0.62,focused
232,7.733333333333333,-0.31,-5.86,-0.58,focused
233,7.766666666666667,0.66,-7.32,1.12,focused
234,7.8,-2.04,-6.66,1.43,focused
235,7.833333333333333,-2.46,-6.24,1.11,focused
236,7.866666666666666,-2.31,-5.26,0.55,focused
237,7.9,-1.46,-4.63,1.45,focused
238,7.933333333333334,-1.76,-4.89,-0.41,focused
239,7.966666666666667,1.07,-5.81,-0.65,focused
240,8.0,1.18,-5.27,-1.21,focused
241,8.033333333333333,0.44,-5.82,-1.86,focused
242,8.066666666666666,0.7,-6.62,-1.21,focused
243,8.1,0.86,-5.44,0.19,focused
244,8.133333333333333,1.79,-4.93,-0.81,focused
245,8.166666666666666,0.49,-5.52,-0.47,focused
246,8.2,1.78,-6.07,0.23,focused
247,8.233333333333333,0.62,-5.42,-1.23,focused
248,8.266666666666667,-0.78,-6.38,-2.41,focused
249,8.3,-1.39,-7.56,0.28,focused
250,8.333333333333334,0.39,-7.07,-0.25,focused
251,8.366666666666667,0.57,-6.98,-0.29,focused
252,8.4,3.88,-6.67,1.24,focused
253,8.433333333333334,4.1,-5.88,2.89,focused
254,8.466666666666667,2.42,-4.23,1.73,focused
255,8.5,1.37,-3.96,2.83,focused
256,8.533333333333333,1.29,-4.55,2.32,focused
257,8.566666666666666,-1.52,-4.54,2.01,focused
258,8.6,-0.64,-5.32,1.17,focused
259,8.633333333333333,0.6,-6.07,1.4,focused
260,8.666666666666666,2.0,-6.18,0.77,focused
261,8.7,-0.29,-4.98,1.33,focused
262,8.733333333333333,0.23,-5.7,0.31,focused
263,8.766666666666667,1.11,-4.92,0.49,focused
264,8.8,0.53,-5.24,0.41,focused
265,8.833333333333334,-0.82,-5.46,0.17,focused
266,8.866666666666667,0.4,-5.9,0.18,focused
267,8.9,-0.35,-4.38,0.29,focused
268,8.933333333333334,-1.59,-4.62,0.75,focused
269,8.966666666666667,-1.42,-4.02,-0.7,focused
270,9.0,-0.64,-3.54,-0.38,focused
271,9.033333333333333,0.86,-3.67,0.34,focused
272,9.066666666666666,3.64,-4.64,0.6,focused
273,9.1,5.28,-3.43,-0.58,focused
274,9.133333333333333,4.66,-4.22,-0.49,focused
275,9.166666666666666,3.48,-5.35,-1.0,focused
276,9.2,2.38,-4.9,-0.92,focused
277,9.233333333333333,-0.92,-4.09,-0.78,focused
278,9.266666666666667,-2.42,-4.64,-1.14,focused
279,9.3,-1.62,-4.37,-0.04,focused
280,9.333333333333334,-0.41,-2.29,0.04,focused
281,9.366666666666667,-0.91,-2.81,-1.22,focused
282,9.4,-0.55,-2.68,-0.24,focused
283,9.433333333333334,-1.07,-3.59,0.71,focused
284,9.466666666666667,-2.0,-3.31,0.54,focused
285,9.5,-3.81,-3.85,2.0,focused
286,9.533333333333333,-3.89,-3.71,2.51,focused
287,9.566666666666666,-2.92,-4.03,2.86,focused
288,9.6,-2.52,-4.01,1.75,focused
289,9.633333333333333,-2.7,-4.41,2.7,focused
290,9.666666666666666,-1.7,-5.2,1.62,focused
291,9.7,0.1,-3.45,1.13,focused
292,9.733333333333333,-0.73,-3.22,0.33,focused
293,9.766666666666667,1.3,-2.39,0.94,focused
294,9.8,2.62,-1.71,0.36,focused
295,9.833333333333334,3.64,-1.2,1.07,focused
296,9.866666666666667,3.84,-2.33,1.29,focused
297,9.9,4.47,-2.23,0.39,focused
298,9.933333333333334,3.0,-2.82,0.62,focused
299,9.966666666666667,3.68,-3.37,0.16,focused
300,10.0,1.82,-3.56,-0.16,focused
301,10.033333333333333,2.6,-4.13,0.07,focused
302,10.066666666666666,2.7,-3.91,0.51,focused
303,10.1,2.61,-3.31,0.6,focused
304,10.133333333333333,0.89,-3.31,1.22,focused
305,10.166666666666666,1.22,-3.68,0.41,focused
306,10.2,0.25,-4.41,-0.06,focused
307,10.233333333333333,0.38,-4.41,-0.04,focused
308,10.266666666666667,-0.46,-3.65,-1.02,focused
309,10.3,-2.21,-3.5,-1.96,focused
310,10.333333333333334,-2.2,-3.16,-1.4,focused
311,10.366666666666667,-3.96,-3.01,-0.54,focused
312,10.4,-3.69,-4.01,0.61,focused
313,10.433333333333334,-4.2,-6.05,1.06,focused
314,10.466666666666667,-2.05,-6.17,1.22,focused
315,10.5,-0.68,-7.35,1.94,focused
316,10.533333333333333,-0.2,-5.91,1.62,focused
317,10.566666666666666,-0.39,-5.51,0.78,focused
318,10.6,1.32,-3.8,1.31,focused
319,10.633333333333333,2.08,-4.0,2.32,focused
320,10.666666666666666,1.05,-2.16,1.43,focused
321,10.7,-0.3,-2.76,0.82,focused
322,10.733333333333333,0.09,-3.49,0.28,focused
323,10.766666666666667,-2.45,-4.56,-1.29,focused
324,10.8,-4.74,-4.05,-1.68,focused
325,10.833333333333334,-3.64,-5.71,-1.69,focused
326,10.866666666666667,-2.21,-6.48,-0.38,focused
327,10.9,-2.17,-6.22,-0.09,focused
328,10.933333333333334,-0.08,-7.18,1.21,focused
329,10.966666666666667,0.83,-8.23,0.57,focused
330,11.0,2.2,-7.27,0.26,focused
331,11.033333333333333,2.77,-5.73,-0.09,focused
332,11.066666666666666,1.96,-5.99,0.31,focused
333,11.1,2.14,-4.23,0.84,focused
334,11.133333333333333,3.87,-3.95,1.8,focused
335,11.166666666666666,2.27,-3.09,1.73,focused
336,11.2,3.44,-3.81,0.79,focused
337,11.233333333333333,2.89,-3.61,0.62,focused
338,11.266666666666667,3.02,-4.49,0.23,focused
339,11.3,4.11,-3.14,-0.3,focused
340,11.333333333333334,3.96,-4.31,0.48,focused
341,11.366666666666667,1.2,-4.58,-0.13,focused
342,11.4,2.08,-4.0,-0.68,focused
343,11.433333333333334,3.13,-4.39,-1.54,focused
344,11.466666666666667,1.21,-4.8,-0.79,focused
345,11.5,0.72,-4.23,-1.18,focused
346,11.533333333333333,1.57,-3.54,0.21,focused
347,11.566666666666666,-0.41,-3.04,1.33,focused
348,11.6,-2.61,-2.07,2.5,focused
349,11.633333333333333,-2.57,-3.03,1.09,focused
350,11.666666666666666,-2.14,-2.97,1.44,focused
351,11.7,-2.34,-3.04,-0.66,focused
352,11.733333333333333,0.39,-4.97,-1.71,focused
353,11.766666666666667,-0.11,-5.98,-1.31,focused
354,11.8,-0.83,-5.45,-0.93,focused
355,11.833333333333334,-0.33,-6.1,-2.03,focused
356,11.866666666666667,1.03,-6.86,-1.25,focused
357,11.9,-0.54,-4.92,-0.53,focused
358,11.933333333333334,0.23,-4.35,-1.41,focused
359,11.966666666666667,2.77,-4.33,-1.13,focused
360,12.0,3.33,-4.23,-0.51,focused
361,12.033333333333333,2.13,-3.98,0.4,focused
362,12.066666666666666,3.29,-4.85,0.33,focused
363,12.1,3.56,-4.59,-0.68,focused
364,12.133333333333333,2.4,-4.61,-0.34,focused
365,12.166666666666666,-1.53,-3.5,-0.27,focused
366,12.2,-0.22,-4.08,0.12,focused
367,12.233333333333333,-2.01,-4.49,0.83,focused
368,12.266666666666667,-2.12,-4.41,2.55,focused
369,12.3,-2.54,-4.52,2.17,focused
370,12.333333333333334,2.76,-5.81,2.38,focused
371,12.366666666666667,2.71,-4.52,2.72,focused
372,12.4,4.4,-4.84,2.55,focused
373,12.433333333333334,3.44,-4.79,1.58,focused
374,12.466666666666667,2.88,-4.68,1.55,focused
375,12.5,0.9,-3.68,1.7,focused
376,12.533333333333333,-0.39,-3.76,1.71,focused
377,12.566666666666666,-2.26,-2.72,1.15,focused
378,12.6,-1.41,-2.07,1.51,focused
379,12.633333333333333,-1.22,-2.37,1.33,focused
380,12.666666666666666,-2.74,-4.21,2.01,focused
381,12.7,-3.34,-5.38,0.0,focused
382,12.733333333333333,-2.75,-6.53,0.57,focused
383,12.766666666666667,-1.45,-7.77,2.01,focused
384,12.8,-0.59,-7.86,0.5,focused
385,12.833333333333334,2.8,-7.83,-1.44,focused
386,12.866666666666667,4.67,-5.77,0.68,focused
387,12.9,5.87,-4.62,0.21,focused
388,12.933333333333334,5.62,-4.04,-1.08,focused
389,12.966666666666667,4.57,-4.3,0.25,focused
390,13.0,0.59,-3.52,0.64,focused
391,13.033333333333333,-1.54,-4.88,0.65,focused
392,13.066666666666666,-1.18,-6.18,-0.46,focused
393,13.1,-1.0,-6.94,-0.65,focused
394,13.133333333333333,-0.39,-7.06,-0.42,focused
395,13.166666666666666,-0.03,-7.37,0.36,focused
396,13.2,-0.52,-7.21,-0.49,focused
397,13.233333333333333,-0.88,-6.13,0.93,focused
398,13.266666666666667,-1.7,-5.8,1.14,focused
399,13.3,-1.71,-5.19,1.1,focused
400,13.333333333333334,-1.07,-5.23,0.06,focused
401,13.366666666666667,2.27,-6.24,-0.34,focused
402,13.4,1.0,-5.84,-1.34,focused
403,13.433333333333334,2.12,-5.98,-1.24,focused
404,13.466666666666667,0.74,-4.72,-1.98,focused
405,13.5,1.75,-3.95,-0.89,focused
406,13.533333333333333,-0.18,-3.28,-0.45,focused
407,13.566666666666666,0.39,-3.24,1.06,focused
408,13.6,-1.42,-3.65,0.84,focused
409,13.633333333333333,2.0,-5.42,2.53,focused
410,13.666666666666666,3.37,-6.14,2.62,focused
411,13.7,5.18,-6.29,2.48,focused
412,13.733333333333333,4.75,-7.47,0.76,focused
413,13.766666666666667,4.08,-6.63,0.35,focused
414,13.8,1.73,-7.08,-0.43,focused
415,13.833333333333334,0.89,-7.95,-0.55,focused
416,13.866666666666667,0.49,-8.44,0.57,focused
417,13.9,1.49,-8.26,0.93,focused
418,13.933333333333334,3.27,-8.23,1.72,focused
419,13.966666666666667,2.12,-7.2,0.67,focused
420,14.0,1.17,-6.54,0.0,focused
421,14.033333333333333,1.18,-5.16,-0.63,focused
422,14.066666666666666,-0.33,-4.93,0.13,focused
423,14.1,-0.75,-3.58,0.04,focused
424,14.133333333333333,0.37,-3.87,0.97,focused
425,14.166666666666666,0.33,-2.9,1.98,focused
426,14.2,-1.7,-4.36,0.52,focused
427,14.233333333333333,-0.1,-4.83,-1.5,focused
428,14.266666666666667,0.15,-4.73,-1.74,focused
429,14.3,0.8,-4.49,-1.88,focused
430,14.333333333333334,1.87,-5.09,-2.3,focused
431,14.366666666666667,2.98,-4.69,-0.6,focused
432,14.4,2.29,-4.48,1.01,focused
433,14.433333333333334,1.01,-5.96,1.01,focused
434,14.466666666666667,1.25,-5.73,1.06,focused
435,14.5,1.15,-4.72,1.23,focused
436,14.533333333333333,0.84,-5.1,-0.0,focused
437,14.566666666666666,0.71,-5.02,-0.44,focused
438,14.6,1.67,-4.72,-0.47,focused
439,14.633333333333333,1.07,-4.96,-1.64,focused
440,14.666666666666666,-0.69,-5.88,-2.7,focused
441,14.7,-0.1,-4.18,-1.33,focused
442,14.733333333333333,-0.01,-2.92,-1.13,focused
443,14.766666666666667,-0.4,-3.6,-1.27,focused
444,14.8,-1.28,-3.54,0.01,focused
445,14.833333333333334,-0.34,-3.19,1.45,focused
446,14.866666666666667,0.01,-5.0,-0.81,focused
447,14.9,1.16,-6.71,-1.04,focused
448,14.933333333333334,-2.2,-6.07,-0.53,focused
449,14.966666666666667,-4.36,-5.4,-2.18,focused
450,15.0,-7.69,-4.51,-3.78,focused
451,15.033333333333333,-11.53,-2.62,-1.9,focused
452,15.066666666666666,-15.39,-1.19,-1.05,focused
453,15.1,-14.79,-0.48,-1.94,focused
454,15.133333333333333,-15.51,-0.6,-0.49,focused
455,15.166666666666666,-14.15,-1.31,-0.57,focused
456,15.2,-13.38,-1.39,-1.32,focused
457,15.233333333333333,-12.83,-1.24,-0.94,focused
458,15.266666666666667,-12.33,-1.42,0.92,focused
459,15.3,-12.42,-0.77,1.2,focused
460,15.333333333333334,-12.67,0.4,2.19,focused
461,15.366666666666667,-14.0,0.67,2.18,focused
462,15.4,-13.42,0.96,0.87,focused
463,15.433333333333334,-13.72,0.62,-1.01,focused
464,15.466666666666667,-12.63,0.06,-1.82,focused
465,15.5,-13.09,-0.09,-1.41,focused
466,15.533333333333333,-12.04,-0.58,-1.85,focused
467,15.566666666666666,-12.35,-0.76,-1.78,focused
468,15.6,-11.66,0.0,-0.93,focused
469,15.633333333333333,-11.08,0.01,0.26,focused
470,15.666666666666666,-11.37,-0.36,0.74,focused
471,15.7,-11.66,0.16,2.24,focused
472,15.733333333333333,-12.78,-0.05,1.76,focused
473,15.766666666666667,-14.76,0.55,0.83,focused
474,15.8,-16.19,0.7,0.46,focused
475,15.833333333333334,-15.74,0.94,-0.81,focused
476,15.866666666666667,-16.14,0.83,-1.6,focused
477,15.9,-14.96,1.37,-0.54,focused
478,15.933333333333334,-13.38,1.01,0.23,focused
479,15.966666666666667,-14.03,1.28,-0.34,focused
480,16.0,-14.83,1.17,0.75,focused
481,16.033333333333335,-14.72,1.18,1.92,focused
482,16.066666666666666,-15.54,2.03,1.82,focused
483,16.1,-16.99,1.86,1.94,focused
484,16.133333333333333,-15.44,1.97,2.25,focused
485,16.166666666666668,-15.86,1.65,1.0,focused
486,16.2,-16.22,1.76,0.98,focused
487,16.233333333333334,-16.13,0.24,0.9,focused
488,16.266666666666666,-14.35,-0.3,0.59,focused
489,16.3,-15.12,-0.88,1.07,focused
490,16.333333333333332,-14.46,-0.63,1.04,focused
491,16.366666666666667,-14.37,-0.58,-0.18,focused
492,16.4,-13.57,-0.26,-0.31,focused
493,16.433333333333334,-13.73,-0.58,-1.29,focused
494,16.466666666666665,-14.65,0.23,-2.01,focused
495,16.5,-13.05,-0.16,-1.37,focused
496,16.533333333333335,-11.86,0.35,0.09,focused
497,16.566666666666666,-12.17,0.92,0.32,focused
498,16.6,-12.26,1.27,0.88,focused
499,16.633333333333333,-11.35,0.7,0.94,focused
500,16.666666666666668,-12.47,1.31,0.88,focused
501,16.7,-12.51,0.05,-0.47,focused
502,16.733333333333334,-13.66,-1.11,-0.88,focused
503,16.766666666666666,-14.2,-0.28,-0.01,focused
504,16.8,-14.81,0.53,1.0,focused
505,16.833333333333332,-14.88,0.05,0.37,focused
506,16.866666666666667,-15.99,0.95,1.62,focused
507,16.9,-14.64,1.5,0.99,focused
508,16.933333333333334,-21.34,0.12,0.81,focused
509,16.966666666666665,-27.96,-0.09,-0.88,focused
510,17.0,-34.49,0.47,-1.01,distracted
511,17.033333333333335,-45.86,1.01,-1.07,distracted
512,17.066666666666666,-51.13,1.75,-0.76,distracted
513,17.1,-50.6,2.52,-0.78,distracted
514,17.133333333333333,-49.14,4.21,0.12,distracted
515,17.166666666666668,-50.29,3.87,0.33,distracted
516,17.2,-46.05,4.26,-0.19,distracted
517,17.233333333333334,-50.0,6.21,0.01,distracted
518,17.266666666666666,-50.78,6.46,-1.63,distracted
519,17.3,-50.59,5.97,-1.73,distracted
520,17.333333333333332,-50.16,7.37,-2.18,distracted
521,17.366666666666667,-50.64,7.79,-3.48,distracted
522,17.4,-48.89,4.94,-3.03,distracted
523,17.433333333333334,-48.91,4.08,-0.88,distracted
524,17.466666666666665,-51.5,2.53,-0.59,distracted
525,17.5,-49.77,1.0,0.38,distracted
526,17.533333333333335,-48.24,0.9,1.24,distracted
527,17.566666666666666,-49.3,1.42,1.01,distracted
528,17.6,-50.95,0.12,0.58,distracted
529,17.633333333333333,-48.33,-1.43,-0.15,distracted
530,17.666666666666668,-49.18,1.64,-0.17,distracted
531,17.7,-51.03,0.76,0.55,distracted
532,17.733333333333334,-51.48,0.79,0.2,distracted
533,17.766666666666666,-51.29,3.84,0.92,distracted
534,17.8,-52.22,5.95,1.35,distracted
535,17.833333333333332,-55.71,4.77,1.29,distracted
536,17.866666666666667,-54.83,8.15,0.64,distracted
537,17.9,-55.0,8.52,1.62,distracted
538,17.933333333333334,-53.29,6.96,1.2,distracted
539,17.966666666666665,-54.88,9.08,2.02,distracted
540,18.0,-53.1,9.48,2.11,distracted
541,18.033333333333335,-51.44,6.77,1.42,distracted
542,18.066666666666666,-51.27,8.23,0.53,distracted
543,18.1,-52.1,8.71,0.23,distracted
544,18.133333333333333,-47.73,5.77,-0.4,distracted
545,18.166666666666668,-44.75,4.41,-0.17,distracted
546,18.2,-47.82,4.36,0.23,distracted
547,18.233333333333334,-45.21,4.51,1.98,distracted
548,18.266666666666666,-43.64,5.79,1.84,distracted
549,18.3,-47.5,7.2,1.65,distracted
550,18.333333333333332,-49.49,8.6,0.78,distracted
551,18.366666666666667,-45.97,9.49,0.82,distracted
552,18.4,-50.94,7.69,0.04,distracted
553,18.433333333333334,-51.9,6.37,-0.38,distracted
554,18.466666666666665,-49.99,6.57,-0.34,distracted
555,18.5,-50.85,4.86,-0.29,distracted
556,18.533333333333335,-50.09,3.23,0.51,distracted
557,18.566666666666666,-44.26,4.83,-0.53,distracted
558,18.6,-43.58,5.81,-0.77,distracted
559,18.633333333333333,-44.4,4.08,0.09,distracted
560,18.666666666666668,-44.56,4.67,0.81,distracted
561,18.7,-47.56,5.58,-0.2,distracted
562,18.733333333333334,-48.6,3.24,0.13,distracted
563,18.766666666666666,-46.14,2.26,0.27,distracted
564,18.8,-45.84,3.62,-0.24,distracted
565,18.833333333333332,-44.31,4.05,0.26,distracted
566,18.866666666666667,-43.24,3.23,0.95,distracted
567,18.9,-41.6,4.44,0.29,distracted
568,18.933333333333334,-42.93,5.32,-0.61,distracted
569,18.966666666666665,-42.39,4.61,-0.87,distracted
570,19.0,-42.65,4.16,-1.11,distracted
571,19.033333333333335,-44.0,4.92,-1.67,distracted
572,19.066666666666666,-45.86,5.66,-1.65,distracted
573,19.1,-45.89,5.25,0.14,distracted
574,19.133333333333333,-46.66,7.62,0.06,distracted
575,19.166666666666668,-47.75,7.41,-0.55,distracted
576,19.2,-45.77,5.28,-1.02,distracted
577,19.233333333333334,-48.66,5.62,0.56,distracted
578,19.266666666666666,-50.57,5.98,0.12,distracted
579,19.3,-49.3,3.22,0.4,distracted
580,19.333333333333332,-47.18,3.74,0.69,distracted
581,19.366666666666667,-46.85,2.65,1.73,distracted
582,19.4,-46.19,-0.13,1.01,distracted
583,19.433333333333334,-43.83,-0.1,1.54,distracted
584,19.466666666666665,-43.11,2.14,2.38,distracted
585,19.5,-43.48,1.72,1.31,distracted
586,19.533333333333335,-45.48,3.58,2.2,distracted
587,19.566666666666666,-44.71,5.53,2.23,distracted
588,19.6,-46.84,7.37,1.28,distracted
589,19.633333333333333,-49.11,5.31,-0.49,distracted
590,19.666666666666668,-51.27,5.2,0.21,distracted
591,19.7,-51.99,4.63,-1.14,distracted
592,19.733333333333334,-54.11,5.27,-1.42,distracted
593,19.766666666666666,-56.51,3.27,-1.5,distracted
594,19.8,-56.32,5.35,-1.83,distracted
595,19.833333333333332,-55.15,5.22,-1.17,distracted
596,19.866666666666667,-53.7,5.88,-1.32,distracted
597,19.9,-52.57,6.2,-1.35,distracted
598,19.933333333333334,-47.2,6.44,-1.33,distracted
599,19.966666666666665,-50.13,3.3,-1.15,distracted
600,20.0,-49.89,3.97,-2.5,distracted
601,20.033333333333335,-48.79,4.24,-2.22,distracted
602,20.066666666666666,-44.94,4.06,-2.4,distracted
603,20.1,-49.41,1.97,-2.4,distracted
604,20.133333333333333,-47.32,2.78,-1.53,distracted
605,20.166666666666668,-47.63,2.05,-0.97,distracted
606,20.2,-48.79,2.97,-1.72,distracted
607,20.233333333333334,-49.11,1.98,-1.54,distracted
608,20.266666666666666,-46.55,4.36,-0.54,distracted
609,20.3,-45.76,4.74,-0.24,distracted
610,20.333333333333332,-47.71,5.07,0.13,distracted
611,20.366666666666667,-48.31,4.5,-0.35,distracted
612,20.4,-51.45,4.69,-0.26,distracted
613,20.433333333333334,-54.23,5.73,-1.36,distracted
614,20.466666666666665,-53.13,6.77,-1.96,distracted
615,20.5,-48.46,5.46,-1.39,distracted
616,20.533333333333335,-46.53,4.92,0.58,distracted
617,20.566666666666666,-46.05,5.12,0.64,distracted
618,20.6,-44.62,4.66,1.63,distracted
619,20.633333333333333,-48.97,5.54,1.02,distracted
620,20.666666666666668,-50.16,7.86,-0.18,distracted
621,20.7,-52.42,7.42,-1.15,distracted
622,20.733333333333334,-52.51,7.92,-0.52,distracted
623,20.766666666666666,-50.06,6.54,-1.12,distracted
624,20.8,-49.96,4.43,0.46,distracted
625,20.833333333333332,-49.03,2.07,0.76,distracted
626,20.866666666666667,-48.41,3.46,0.4,distracted
627,20.9,-47.24,2.2,-0.4,distracted
628,20.933333333333334,-48.6,2.77,-0.53,distracted
629,20.966666666666665,-46.08,3.49,-1.33,distracted
630,21.0,-49.08,6.32,-0.64,distracted
631,21.033333333333335,-49.51,6.74,-0.36,distracted
632,21.066666666666666,-48.31,7.58,-0.41,distracted
633,21.1,-48.47,6.01,-0.83,distracted
634,21.133333333333333,-50.2,6.24,0.44,distracted
635,21.166666666666668,-46.22,5.28,0.4,distracted
636,21.2,-48.63,4.04,0.13,distracted
637,21.233333333333334,-51.5,3.5,-0.09,distracted
638,21.266666666666666,-55.38,5.82,-0.06,distracted
639,21.3,-53.09,7.75,-1.65,distracted
640,21.333333333333332,-60.71,6.83,-1.29,distracted
641,21.366666666666667,-54.69,6.14,-0.52,distracted
642,21.4,-54.44,6.2,1.35,distracted
643,21.433333333333334,-53.68,5.71,2.27,distracted
644,21.466666666666665,-52.33,3.73,3.01,distracted
645,21.5,-48.91,4.29,2.14,distracted
646,21.533333333333335,-51.04,5.15,2.07,distracted
647,21.566666666666666,-50.35,6.38,0.45,distracted
648,21.6,-50.78,7.39,-0.37,distracted
649,21.633333333333333,-53.56,6.69,0.27,distracted
650,21.666666666666668,-56.35,9.56,1.11,distracted
651,21.7,-56.99,9.88,1.06,distracted
652,21.733333333333334,-56.11,9.39,1.42,distracted
653,21.766666666666666,-53.13,7.94,1.87,distracted
654,21.8,-52.39,9.66,1.4,distracted
655,21.833333333333332,-53.68,7.18,0.89,distracted
656,21.866666666666667,-54.07,6.85,1.39,distracted
657,21.9,-53.39,5.43,1.3,distracted
658,21.933333333333334,-44.7,3.4,1.02,distracted
659,21.966666666666665,-33.35,1.44,0.97,distracted
660,22.0,-17.77,-0.31,0.47,focused
661,22.033333333333335,-7.23,-0.84,0.24,focused
662,22.066666666666666,2.68,-1.04,0.21,focused
663,22.1,5.13,-0.23,0.06,focused
664,22.133333333333333,3.9,-1.25,-0.66,focused
665,22.166666666666668,2.86,-2.03,-0.46,focused
666,22.2,0.07,-2.39,-0.91,focused
667,22.233333333333334,-2.34,-2.41,-0.56,focused
668,22.266666666666666,-5.55,-2.86,-0.49,focused
669,22.3,-6.48,-1.91,-0.2,focused
670,22.333333333333332,-6.63,-2.64,0.37,focused
671,22.366666666666667,-5.84,-2.73,0.53,focused
672,22.4,-3.23,-3.91,-1.84,focused
673,22.433333333333334,-1.08,-2.37,-0.64,focused
674,22.466666666666665,0.3,-3.17,-0.04,focused
675,22.5,-0.55,-1.68,-0.11,focused
676,22.533333333333335,2.21,-0.06,-0.05,focused
677,22.566666666666666,-0.03,0.71,0.7,focused
678,22.6,-1.09,-0.61,-0.35,focused
679,22.633333333333333,-1.16,-0.81,-0.16,focused
680,22.666666666666668,0.01,-1.1,-0.66,focused
681,22.7,-1.08,-2.26,-1.42,focused
682,22.733333333333334,-1.25,-2.43,-1.17,focused
683,22.766666666666666,-1.4,-2.47,-0.33,focused
684,22.8,-1.27,-1.86,-0.49,focused
685,22.833333333333332,-1.44,-1.62,-0.35,focused
686,22.866666666666667,-1.3,-2.47,-1.3,focused
687,22.9,-0.68,-1.43,0.07,focused
688,22.933333333333334,1.47,-0.4,-0.41,focused
689,22.966666666666665,1.39,-0.89,-1.11,focused
690,23.0,2.29,-0.4,-1.13,focused
691,23.033333333333335,1.43,-0.05,0.7,focused
692,23.066666666666666,-0.14,-2.28,-0.19,focused
693,23.1,-2.76,-3.33,-0.33,focused
694,23.133333333333333,-3.54,-2.09,0.05,focused
695,23.166666666666668,-3.92,-2.44,-0.55,focused
696,23.2,-2.13,-2.48,-0.5,focused
697,23.233333333333334,-1.69,-2.04,0.32,focused
698,23.266666666666666,0.23,-2.27,-0.12,focused
699,23.3,2.12,-3.86,0.67,focused
700,23.333333333333332,0.68,-3.85,1.16,focused
701,23.366666666666667,0.16,-4.13,0.66,focused
702,23.4,1.49,-3.8,0.61,focused
703,23.433333333333334,0.43,-3.4,0.54,focused
704,23.466666666666665,-4.0,-2.8,1.0,focused
705,23.5,-1.98,-3.19,1.04,focused
706,23.533333333333335,-2.67,-2.54,0.43,focused
707,23.566666666666666,-1.38,-1.51,0.42,focused
708,23.6,-0.24,-1.36,1.42,focused
709,23.633333333333333,3.54,-1.45,-0.38,focused
710,23.666666666666668,2.72,-0.51,-0.96,focused
711,23.7,0.93,-0.74,-0.22,focused
712,23.733333333333334,-0.19,-1.03,-0.79,focused
713,23.766666666666666,1.07,-2.0,-1.69,focused
714,23.8,0.23,-2.77,-1.45,focused
715,23.833333333333332,2.1,-3.69,-0.57,focused
716,23.866666666666667,2.35,-4.16,-0.82,focused
717,23.9,1.76,-3.53,-0.35,focused
718,23.933333333333334,-1.36,-2.43,0.44,focused
719,23.966666666666665,0.13,-0.49,-0.06,focused
720,24.0,-2.83,-1.26,-0.34,focused
721,24.033333333333335,-0.76,-0.3,-0.16,focused
722,24.066666666666666,-0.76,-0.97,-1.0,focused
723,24.1,3.08,-2.09,-1.19,focused
724,24.133333333333333,4.14,-3.03,-0.69,focused
725,24.166666666666668,4.68,-2.39,0.27,focused
726,24.2,1.47,-2.06,-0.53,focused
727,24.233333333333334,1.53,-2.41,0.32,focused
728,24.266666666666666,-2.89,-1.16,1.42,focused
729,24.3,-6.96,-1.05,1.14,focused
730,24.333333333333332,-6.02,-0.93,-0.07,focused
731,24.366666666666667,-2.78,-0.77,0.67,focused
732,24.4,-1.59,-1.29,-0.26,focused
733,24.433333333333334,0.89,-0.68,-1.26,focused
734,24.466666666666665,2.15,-0.79,-1.61,focused
735,24.5,2.37,-0.27,-1.5,focused
736,24.533333333333335,1.22,-1.2,-1.64,focused
737,24.566666666666666,0.27,0.84,-1.22,focused
738,24.6,-0.72,-0.44,-0.99,focused
739,24.633333333333333,-0.57,-0.83,0.56,focused
740,24.666666666666668,0.41,-1.72,-0.29,focused
741,24.7,2.19,-2.29,0.45,focused
742,24.733333333333334,-0.1,-3.01,-0.13,focused
743,24.766666666666666,1.21,-2.62,-1.15,focused
744,24.8,0.94,-1.82,-1.88,focused
745,24.833333333333332,-0.07,-0.27,-1.7,focused
746,24.866666666666667,0.67,0.2,-2.71,focused
747,24.9,1.43,-0.44,-1.43,focused
748,24.933333333333334,0.4,0.45,-1.73,focused
749,24.966666666666665,0.88,-0.71,-1.58,focused
750,25.0,1.24,-2.15,-2.2,focused
751,25.033333333333335,-0.46,-1.95,-1.42,focused
752,25.066666666666666,2.62,-2.48,-1.56,focused
753,25.1,4.2,-4.45,-0.5,focused
754,25.133333333333333,3.61,-3.75,-0.51,focused
755,25.166666666666668,1.96,-3.9,1.07,focused
756,25.2,0.42,-4.82,1.24,focused
757,25.233333333333334,-2.44,-3.77,1.11,focused
758,25.266666666666666,-5.94,-3.11,1.63,focused
759,25.3,-6.52,-3.34,1.7,focused
760,25.333333333333332,-4.99,-3.09,1.32,focused
761,25.366666666666667,-1.98,-1.39,1.5,focused
762,25.4,-0.5,-2.28,0.72,focused
763,25.433333333333334,2.2,-1.62,0.85,focused
764,25.466666666666665,4.16,-2.24,1.2,focused
765,25.5,2.02,-2.32,1.71,focused
766,25.533333333333335,2.71,-1.5,1.49,focused
767,25.566666666666666,2.38,-0.69,2.52,focused
768,25.6,1.37,0.13,1.82,focused
769,25.633333333333333,1.19,1.43,1.44,focused
770,25.666666666666668,3.39,1.29,0.95,focused
771,25.7,-0.32,-0.31,1.06,focused
772,25.733333333333334,0.45,0.37,0.52,focused
773,25.766666666666666,1.64,-1.36,0.15,focused
774,25.8,1.87,-1.25,-0.28,focused
775,25.833333333333332,0.78,-1.79,-0.16,focused
776,25.866666666666667,3.17,-1.71,-0.33,focused
777,25.9,2.68,-2.71,-0.72,focused
778,25.933333333333334,2.72,-1.8,-0.19,focused
779,25.966666666666665,1.25,-3.6,0.64,focused
780,26.0,0.76,-3.21,1.27,focused
781,26.033333333333335,-0.78,-2.92,1.34,focused
782,26.066666666666666,-0.02,-3.74,2.47,focused
783,26.1,-0.54,-4.21,2.26,focused
784,26.133333333333333,-2.04,-2.68,0.98,focused
785,26.166666666666668,-3.09,-3.07,1.23,focused
786,26.2,-3.38,-2.79,0.54,focused
787,26.233333333333334,-6.25,-2.64,0.56,focused
788,26.266666666666666,-6.75,-2.75,0.57,focused
789,26.3,-4.01,-2.32,2.05,focused
790,26.333333333333332,-2.82,-2.2,1.14,focused
791,26.366666666666667,-1.75,-3.7,0.88,focused
792,26.4,0.71,-3.06,0.16,focused
793,26.433333333333334,-0.01,-2.87,-0.49,focused
794,26.466666666666665,0.45,-2.92,-2.46,focused
795,26.5,-0.23,-3.02,-2.61,focused
796,26.533333333333335,-0.64,-3.31,-2.59,focused
797,26.566666666666666,-2.26,-3.16,-2.56,focused
798,26.6,-2.22,-2.92,-2.34,focused
799,26.633333333333333,-3.61,-2.53,-0.43,focused
800,26.666666666666668,-4.06,-1.14,0.45,focused
801,26.7,-5.33,0.22,1.93,focused
802,26.733333333333334,-5.48,-0.45,2.5,focused
803,26.766666666666666,-4.28,-0.23,3.03,focused
804,26.8,-3.49,-2.03,2.85,focused
805,26.833333333333332,-0.53,-2.66,2.34,focused
806,26.866666666666667,-0.99,-2.84,1.76,focused
807,26.9,0.29,-1.62,0.95,focused
808,26.933333333333334,0.64,-2.56,0.73,focused
809,26.966666666666665,-0.04,-1.63,-0.12,focused
810,27.0,-1.6,-1.0,-0.36,focused
811,27.033333333333335,-1.69,-0.26,0.13,focused
812,27.066666666666666,-3.17,-0.52,0.03,focused
813,27.1,-3.53,0.27,-0.1,focused
814,27.133333333333333,-4.26,-0.28,-0.43,focused
815,27.166666666666668,-5.1,-0.81,-0.59,focused
816,27.2,-2.35,-0.97,-1.77,focused
817,27.233333333333334,-0.52,-1.09,-1.18,focused
818,27.266666666666666,-0.74,-0.82,-0.75,focused
819,27.3,-1.29,0.12,0.33,focused
820,27.333333333333332,-1.2,0.18,1.17,focused
821,27.366666666666667,-2.27,-0.07,2.93,focused
822,27.4,-3.5,-1.19,2.83,focused
823,27.433333333333334,-2.73,-1.78,3.41,focused
824,27.466666666666665,-2.85,-1.88,2.52,focused
825,27.5,0.13,-0.71,1.65,focused
826,27.533333333333335,-0.28,-0.84,-0.0,focused
827,27.566666666666666,0.61,0.0,-1.34,focused
828,27.6,-0.27,-0.27,-2.5,focused
829,27.633333333333333,3.07,-1.44,-1.65,focused
830,27.666666666666668,0.67,-2.8,-0.72,focused
831,27.7,1.73,-2.98,0.1,focused
832,27.733333333333334,1.39,-3.36,0.6,focused
833,27.766666666666666,0.42,-1.18,1.64,focused
834,27.8,-2.94,-1.22,1.44,focused
835,27.833333333333332,-1.94,-0.72,0.81,focused
836,27.866666666666667,-2.5,-0.87,0.28,focused
837,27.9,-4.77,-0.64,0.42,focused
838,27.933333333333334,-3.57,-0.61,-0.1,focused
839,27.966666666666665,-2.32,0.73,-0.1,focused
840,28.0,-2.48,0.77,1.28,focused
841,28.033333333333335,-3.68,0.85,0.68,focused
842,28.066666666666666,-0.35,0.44,0.94,focused
843,28.1,-0.92,-0.76,1.27,focused
844,28.133333333333333,-2.04,-1.28,0.55,focused
845,28.166666666666668,-4.05,-1.78,-0.87,focused
846,28.2,0.22,-1.8,-1.14,focused
847,28.233333333333334,-1.12,-0.64,0.37,focused
848,28.266666666666666,-2.67,-2.35,0.94,focused
849,28.3,-0.71,-2.91,1.68,focused
850,28.333333333333332,-2.36,-2.77,2.07,focused
851,28.366666666666667,-4.17,-3.64,2.94,focused
852,28.4,-4.6,-4.1,1.15,focused
853,28.433333333333334,-3.19,-3.57,0.42,focused
854,28.466666666666665,-2.62,-3.19,0.12,focused
855,28.5,-1.2,-3.37,-0.1,focused
856,28.533333333333335,0.84,-3.43,0.72,focused
857,28.566666666666666,3.14,-3.42,2.32,focused
858,28.6,4.08,-2.59,1.89,focused
859,28.633333333333333,4.52,-1.79,1.5,focused
860,28.666666666666668,4.67,-1.73,1.05,focused
861,28.7,1.45,-0.32,-0.11,focused
862,28.733333333333334,0.2,-0.45,-0.65,focused
863,28.766666666666666,-2.94,-1.05,-0.49,focused
864,28.8,-2.97,-2.0,-1.24,focused
865,28.833333333333332,-0.64,-2.26,-1.48,focused
866,28.866666666666667,-1.31,-3.12,-1.57,focused
867,28.9,-3.91,-2.61,-1.31,focused
868,28.933333333333334,-0.43,-2.93,-1.56,focused
869,28.966666666666665,-1.88,-2.28,-0.03,focused
870,29.0,-3.5,-1.85,0.96,focused
871,29.033333333333335,-1.01,-1.31,1.79,focused
872,29.066666666666666,1.74,-1.01,1.27,focused
873,29.1,-0.07,0.52,1.81,focused
874,29.133333333333333,-0.6,-0.13,1.59,focused
875,29.166666666666668,0.84,-0.06,1.5,focused
876,29.2,1.13,0.16,1.14,focused
877,29.233333333333334,2.16,-1.3,1.14,focused
878,29.266666666666666,5.36,-2.28,0.21,focused
879,29.3,5.11,-2.64,-0.44,focused
880,29.333333333333332,4.11,-3.6,-0.62,focused
881,29.366666666666667,3.16,-4.79,0.18,focused
882,29.4,2.64,-3.55,-0.45,focused
883,29.433333333333334,1.49,-4.08,0.59,focused
884,29.466666666666665,2.48,-3.09,0.36,focused
885,29.5,1.85,-1.89,-0.22,focused
886,29.533333333333335,1.33,-2.17,-0.63,focused
887,29.566666666666666,-0.77,-2.45,0.14,focused
888,29.6,-2.63,-1.45,-0.23,focused
889,29.633333333333333,-3.48,-2.39,-0.71,focused
890,29.666666666666668,-1.99,-3.68,-0.08,focused
891,29.7,-2.86,-2.46,-0.77,focused
892,29.733333333333334,-1.77,-2.35,-0.94,focused
893,29.766666666666666,-0.56,-2.42,-2.02,focused
894,29.8,1.0,-1.44,-1.45,focused
895,29.833333333333332,0.28,-0.53,-1.59,focused
896,29.866666666666667,1.0,-0.08,-0.76,focused
897,29.9,-0.18,-0.14,-0.17,focused
898,29.933333333333334,-0.09,0.23,1.96,focused
899,29.966666666666665,0.23,0.01,3.2,focused
900,30.0,0.69,0.05,3.07,focused
901,30.033333333333335,2.17,-1.3,3.34,focused
902,30.066666666666666,4.34,-2.51,2.76,focused
903,30.1,1.36,-2.79,2.09,focused
904,30.133333333333333,-0.58,-2.87,2.63,focused
905,30.166666666666668,-1.36,-3.52,3.73,focused
906,30.2,-0.88,-3.02,3.42,focused
907,30.233333333333334,0.13,-2.63,2.91,focused
908,30.266666666666666,4.12,-1.99,2.71,focused
909,30.3,3.78,-0.88,1.22,focused
910,30.333333333333332,3.98,-0.03,1.27,focused
911,30.366666666666667,2.65,0.21,0.94,focused
912,30.4,1.1,0.99,-0.29,focused
913,30.433333333333334,-0.74,0.13,-1.32,focused
914,30.466666666666665,0.78,-1.19,0.06,focused
915,30.5,3.07,-1.67,-0.97,focused
916,30.533333333333335,1.96,-2.19,-1.13,focused
917,30.566666666666666,1.0,-3.21,0.76,focused
918,30.6,2.11,-3.83,1.99,focused
919,30.633333333333333,0.89,-3.56,1.43,focused
920,30.666666666666668,-1.04,-3.01,1.21,focused
921,30.7,-1.19,-2.86,0.65,focused
922,30.733333333333334,-0.49,-3.11,-0.02,focused
923,30.766666666666666,-1.59,-2.78,-0.71,focused
924,30.8,-0.9,-2.65,-0.67,focused
925,30.833333333333332,-1.64,-3.64,-0.99,focused
926,30.866666666666667,-1.99,-3.73,-1.0,focused
927,30.9,-3.34,-3.07,-0.6,focused
928,30.933333333333334,-2.28,-3.25,-0.7,focused
929,30.966666666666665,-3.32,-3.56,-1.74,focused
930,31.0,-1.85,-3.91,-1.33,focused
931,31.033333333333335,-0.9,-3.59,0.75,focused
932,31.066666666666666,1.07,-3.92,0.59,focused
933,31.1,-1.77,-3.63,0.33,focused
934,31.133333333333333,0.44,-3.94,0.77,focused
935,31.166666666666668,-1.01,-1.83,0.8,focused
936,31.2,0.82,-1.45,-0.53,focused
937,31.233333333333334,0.85,-0.61,-1.63,focused
938,31.266666666666666,2.64,-0.05,-1.16,focused
939,31.3,-0.14,0.24,-0.07,focused
940,31.333333333333332,2.12,-0.84,0.7,focused
941,31.366666666666667,-0.52,-2.35,-0.15,focused
942,31.4,0.91,-2.75,0.86,focused
943,31.433333333333334,0.89,-2.11,1.87,focused
944,31.466666666666665,5.23,-2.18,1.02,focused
945,31.5,1.92,-1.25,-0.25,focused
946,31.533333333333335,2.62,-0.89,-0.05,focused
947,31.566666666666666,-0.26,-1.09,-0.22,focused
948,31.6,-0.56,-1.73,-1.86,focused
949,31.633333333333333,-2.96,-0.91,-2.35,focused
950,31.666666666666668,-2.0,-1.93,-0.94,focused
951,31.7,-2.03,-1.59,-0.3,focused
952,31.733333333333334,-2.34,-0.82,0.27,focused
953,31.766666666666666,-2.06,-1.82,0.4,focused
954,31.8,-1.68,-1.81,0.33,focused
955,31.833333333333332,-0.27,-2.93,-0.73,focused
956,31.866666666666667,-0.54,-3.15,-1.58,focused
957,31.9,-0.02,-3.39,-1.94,focused
958,31.933333333333334,6.88,-2.61,-1.77,focused
959,31.966666666666665,18.15,-3.69,-1.69,focused
960,32.0,27.55,1.35,-1.57,distracted
961,32.03333333333333,39.35,4.44,-2.29,distracted
962,32.06666666666667,52.69,6.88,-1.87,distracted
963,32.1,65.02,6.91,-0.47,distracted
964,32.13333333333333,63.53,9.95,-0.2,distracted
965,32.166666666666664,63.73,7.99,0.23,distracted
966,32.2,59.93,8.6,1.26,distracted
967,32.233333333333334,56.13,7.93,1.71,distracted
968,32.266666666666666,47.21,10.38,0.24,distracted
969,32.3,49.3,10.77,1.37,distracted
970,32.333333333333336,49.8,12.01,1.23,distracted
971,32.36666666666667,55.43,10.54,1.93,distracted
972,32.4,57.3,10.93,1.23,distracted
973,32.43333333333333,58.87,10.45,1.8,distracted
974,32.46666666666667,60.51,10.75,1.21,distracted
975,32.5,59.95,9.2,1.73,distracted
976,32.53333333333333,59.11,11.39,0.92,distracted
977,32.56666666666667,59.04,9.81,0.63,distracted
978,32.6,60.53,9.46,0.88,distracted
979,32.63333333333333,56.99,8.8,-0.33,distracted
980,32.666666666666664,58.08,6.7,-1.01,distracted
981,32.7,53.06,6.43,-0.19,distracted
982,32.733333333333334,54.45,9.59,-0.52,distracted
983,32.766666666666666,55.96,10.99,-1.05,distracted
984,32.8,58.61,9.56,-0.85,distracted
985,32.833333333333336,57.22,12.02,-1.37,distracted
986,32.86666666666667,62.93,10.56,-1.63,distracted
987,32.9,60.85,7.22,-0.9,distracted
988,32.93333333333333,53.54,6.22,-1.58,distracted
989,32.96666666666667,55.24,8.23,-1.02,distracted
990,33.0,58.98,7.92,-0.06,distracted
991,33.03333333333333,56.94,8.44,0.49,distracted
992,33.06666666666667,59.54,10.55,-0.66,distracted
993,33.1,61.45,10.5,0.22,distracted
994,33.13333333333333,55.21,12.0,1.06,distracted
995,33.166666666666664,53.89,12.91,0.61,distracted
996,33.2,51.58,12.73,0.0,distracted
997,33.233333333333334,47.64,12.77,0.9,distracted
998,33.266666666666666,45.74,12.03,0.6,distracted
999,33.3,51.78,10.18,-1.12,distracted
1000,33.333333333333336,51.54,8.56,-0.34,distracted
1001,33.36666666666667,52.51,8.39,0.3,distracted
1002,33.4,52.42,6.66,0.05,distracted
1003,33.43333333333333,58.31,6.0,-1.41,distracted
1004,33.46666666666667,53.63,5.99,0.12,distracted
1005,33.5,51.73,7.13,0.16,distracted
1006,33.53333333333333,48.93,6.84,-0.52,distracted
1007,33.56666666666667,52.41,7.72,-0.15,distracted
1008,33.6,45.35,8.58,1.82,distracted
1009,33.63333333333333,44.29,8.09,1.37,distracted
1010,33.666666666666664,44.53,8.67,0.1,distracted
1011,33.7,47.86,9.67,0.08,distracted
1012,33.733333333333334,45.79,10.41,0.49,distracted
1013,33.766666666666666,46.66,12.22,0.01,distracted
1014,33.8,49.48,13.36,-1.08,distracted
1015,33.833333333333336,48.75,12.9,-0.97,distracted
1016,33.86666666666667,52.63,11.44,-1.4,distracted
1017,33.9,54.21,10.01,-2.07,distracted
1018,33.93333333333333,58.95,8.52,-1.92,distracted
1019,33.96666666666667,57.04,5.81,-0.9,distracted
1020,34.0,61.96,6.11,-0.3,distracted
1021,34.03333333333333,59.88,5.7,1.06,distracted
1022,34.06666666666667,59.88,8.53,0.85,distracted
1023,34.1,62.88,9.64,1.24,distracted
1024,34.13333333333333,64.4,10.91,1.77,distracted
1025,34.166666666666664,61.17,8.92,0.96,distracted
1026,34.2,59.42,10.5,-0.09,distracted
1027,34.233333333333334,61.45,6.92,0.43,distracted
1028,34.266666666666666,54.18,6.9,0.05,distracted
1029,34.3,54.55,6.29,0.09,distracted
1030,34.333333333333336,56.35,8.84,0.69,distracted
1031,34.36666666666667,57.88,7.82,1.23,distracted
1032,34.4,58.75,10.84,0.71,distracted
1033,34.43333333333333,63.1,8.79,1.11,distracted
1034,34.46666666666667,63.17,7.78,-0.36,distracted
1035,34.5,60.52,6.9,-1.0,distracted
1036,34.53333333333333,60.13,7.86,-1.63,distracted
1037,34.56666666666667,55.32,7.84,-0.2,distracted
1038,34.6,53.63,8.52,-0.25,distracted
1039,34.63333333333333,52.02,10.25,0.89,distracted
1040,34.666666666666664,48.76,11.87,1.66,distracted
1041,34.7,47.16,11.53,1.75,distracted
1042,34.733333333333334,45.21,11.97,0.78,distracted
1043,34.766666666666666,47.07,13.54,-0.12,distracted
1044,34.8,48.73,13.41,-0.06,distracted
1045,34.833333333333336,48.29,11.99,-0.46,distracted
1046,34.86666666666667,49.98,12.55,-0.87,distracted
1047,34.9,52.02,10.94,-1.43,distracted
1048,34.93333333333333,52.82,9.62,-2.56,distracted
1049,34.96666666666667,51.12,8.85,-4.05,distracted
1050,35.0,52.9,9.06,-2.89,distracted
1051,35.03333333333333,52.66,7.98,-2.19,distracted
1052,35.06666666666667,53.17,7.4,-2.34,distracted
1053,35.1,47.98,7.38,-0.51,distracted
1054,35.13333333333333,48.54,8.0,-0.09,distracted
1055,35.166666666666664,52.23,6.58,-0.43,distracted
1056,35.2,49.6,6.43,-1.58,distracted
1057,35.233333333333334,49.51,8.1,-0.58,distracted
1058,35.266666666666666,54.97,9.01,-1.33,distracted
1059,35.3,54.5,8.65,0.03,distracted
1060,35.333333333333336,50.89,10.86,0.1,distracted
1061,35.36666666666667,56.56,11.2,1.41,distracted
1062,35.4,62.12,9.61,0.18,distracted
1063,35.43333333333333,56.41,9.8,-0.29,distracted
1064,35.46666666666667,56.32,11.02,-0.98,distracted
1065,35.5,59.57,10.34,-0.75,distracted
1066,35.53333333333333,54.0,10.08,-1.64,distracted
1067,35.56666666666667,51.1,11.6,-0.44,distracted
1068,35.6,57.23,9.7,1.69,distracted
1069,35.63333333333333,61.02,10.0,2.64,distracted
1070,35.666666666666664,56.86,9.26,1.44,distracted
1071,35.7,60.2,8.88,2.35,distracted
1072,35.733333333333334,61.28,8.68,2.25,distracted
1073,35.766666666666666,56.94,9.01,2.0,distracted
1074,35.8,55.45,8.23,0.68,distracted
1075,35.833333333333336,54.72,7.69,2.27,distracted
1076,35.86666666666667,50.71,8.93,2.42,distracted
1077,35.9,45.46,8.42,2.81,distracted
1078,35.93333333333333,47.46,12.13,1.06,distracted
1079,35.96666666666667,48.02,12.0,1.78,distracted
1080,36.0,52.95,12.34,0.77,distracted
1081,36.03333333333333,51.8,12.75,0.34,distracted
1082,36.06666666666667,55.59,13.62,-0.0,distracted
1083,36.1,55.86,9.87,0.57,distracted
1084,36.13333333333333,56.11,11.48,-0.03,distracted
1085,36.166666666666664,55.32,11.31,0.53,distracted
1086,36.2,60.37,12.65,-0.17,distracted
1087,36.233333333333334,58.34,11.82,-0.01,distracted
1088,36.266666666666666,57.61,11.83,0.95,distracted
1089,36.3,56.68,9.48,1.91,distracted
1090,36.333333333333336,58.93,10.52,1.25,distracted
1091,36.36666666666667,58.7,7.71,1.8,distracted
1092,36.4,55.15,8.36,0.47,distracted
1093,36.43333333333333,58.59,8.9,-0.18,distracted
1094,36.46666666666667,55.9,9.53,-0.15,distracted
1095,36.5,48.58,10.67,0.01,distracted
1096,36.53333333333333,45.06,10.46,1.0,distracted
1097,36.56666666666667,47.47,8.43,2.62,distracted
1098,36.6,45.14,7.82,2.87,distracted
1099,36.63333333333333,44.34,9.21,2.66,distracted
1100,36.666666666666664,50.38,8.3,3.51,distracted
1101,36.7,52.8,8.19,2.78,distracted
1102,36.733333333333334,58.86,8.33,1.88,distracted
1103,36.766666666666666,59.02,9.21,1.16,distracted
1104,36.8,63.31,10.43,0.64,distracted
1105,36.833333333333336,60.44,8.52,-0.26,distracted
1106,36.86666666666667,62.65,10.18,-0.54,distracted
1107,36.9,57.3,10.1,0.18,distracted
1108,36.93333333333333,58.29,8.61,1.73,distracted
1109,36.96666666666667,57.2,7.69,0.8,distracted
1110,37.0,56.27,9.09,0.95,distracted
1111,37.03333333333333,57.66,9.32,0.81,distracted
1112,37.06666666666667,56.78,11.64,-0.27,distracted
1113,37.1,58.21,12.9,-0.27,distracted
1114,37.13333333333333,58.42,11.37,0.22,distracted
1115,37.166666666666664,60.47,11.94,-0.04,distracted
1116,37.2,55.69,11.07,0.16,distracted
1117,37.233333333333334,53.49,10.3,0.15,distracted
1118,37.266666666666666,47.92,8.9,-1.88,distracted
1119,37.3,43.86,8.32,-0.4,distracted
1120,37.333333333333336,43.49,8.07,-0.2,distracted
1121,37.36666666666667,44.94,8.16,-0.97,distracted
1122,37.4,52.09,9.51,-1.39,distracted
1123,37.43333333333333,52.35,10.92,-0.89,distracted
1124,37.46666666666667,56.08,10.9,-0.77,distracted
1125,37.5,59.51,10.93,-0.39,distracted
1126,37.53333333333333,61.46,10.45,-0.16,distracted
1127,37.56666666666667,58.71,9.5,0.93,distracted
1128,37.6,57.61,8.98,1.46,distracted
1129,37.63333333333333,56.44,11.68,-0.67,distracted
1130,37.666666666666664,55.07,12.96,0.08,distracted
1131,37.7,52.05,14.01,0.91,distracted
1132,37.733333333333334,52.29,13.05,1.09,distracted
1133,37.766666666666666,50.38,14.54,1.21,distracted
1134,37.8,50.08,14.61,1.64,distracted
1135,37.833333333333336,48.27,15.11,-0.23,distracted
1136,37.86666666666667,47.98,14.47,-0.06,distracted
1137,37.9,48.0,13.28,-0.64,distracted
1138,37.93333333333333,51.85,12.52,-0.46,distracted
1139,37.96666666666667,53.13,8.7,0.58,distracted
1140,38.0,54.44,8.09,1.35,distracted
1141,38.03333333333333,57.75,8.71,1.65,distracted
1142,38.06666666666667,58.37,9.9,3.33,distracted
1143,38.1,61.37,10.55,2.31,distracted
1144,38.13333333333333,57.95,12.62,1.76,distracted
1145,38.166666666666664,56.22,11.38,2.45,distracted
1146,38.2,55.41,9.77,1.57,distracted
1147,38.233333333333334,52.75,9.48,-0.04,distracted
1148,38.266666666666666,50.02,7.65,0.65,distracted
1149,38.3,51.48,4.43,1.79,distracted
1150,38.333333333333336,54.88,3.91,0.85,distracted
1151,38.36666666666667,51.15,6.75,2.06,distracted
1152,38.4,53.07,8.16,2.41,distracted
1153,38.43333333333333,51.35,9.0,2.57,distracted
1154,38.46666666666667,51.57,11.71,1.28,distracted
1155,38.5,49.23,12.14,0.63,distracted
1156,38.53333333333333,50.14,9.16,0.08,distracted
1157,38.56666666666667,45.61,9.29,0.81,distracted
1158,38.6,47.68,7.1,0.51,distracted
1159,38.63333333333333,48.46,6.31,0.26,distracted
1160,38.666666666666664,51.68,6.92,0.34,distracted
1161,38.7,49.92,7.88,-0.38,distracted
1162,38.733333333333334,55.12,6.19,-0.9,distracted
1163,38.766666666666666,59.6,9.61,-0.71,distracted
1164,38.8,59.36,10.26,0.3,distracted
1165,38.833333333333336,55.05,9.64,0.89,distracted
1166,38.86666666666667,57.24,8.6,1.21,distracted
1167,38.9,56.12,9.63,0.58,distracted
1168,38.93333333333333,42.23,5.69,1.64,distracted
1169,38.96666666666667,30.2,3.71,1.22,distracted
1170,39.0,19.82,1.32,1.95,focused
1171,39.03333333333333,8.05,0.39,0.26,focused
1172,39.06666666666667,-3.6,-1.73,0.24,focused
1173,39.1,-5.52,-1.32,0.45,focused
1174,39.13333333333333,-5.59,-2.22,1.06,focused
1175,39.166666666666664,-3.46,-2.53,-0.45,focused
1176,39.2,-0.01,-1.88,1.45,focused
1177,39.233333333333334,0.11,-2.88,1.71,focused
1178,39.266666666666666,1.31,-1.89,0.99,focused
1179,39.3,1.92,-0.44,0.28,focused
1180,39.333333333333336,0.98,0.5,0.36,focused
1181,39.36666666666667,-0.73,-0.77,-0.99,focused
1182,39.4,0.2,0.76,-2.0,focused
1183,39.43333333333333,-0.09,0.28,-2.45,focused
1184,39.46666666666667,0.68,-1.33,-2.5,focused
1185,39.5,-0.47,-3.52,-1.11,focused
1186,39.53333333333333,0.32,-3.17,-0.04,focused
1187,39.56666666666667,0.9,-4.54,1.61,focused
1188,39.6,0.69,-4.14,1.73,focused
1189,39.63333333333333,0.94,-4.12,1.76,focused
1190,39.666666666666664,0.88,-3.19,0.56,focused
1191,39.7,-0.74,-1.95,1.22,focused
1192,39.733333333333334,-0.07,-2.82,0.72,focused
1193,39.766666666666666,-0.86,-4.02,-0.03,focused
1194,39.8,-0.03,-3.5,0.44,focused
1195,39.833333333333336,1.12,-1.73,0.04,focused
1196,39.86666666666667,2.98,-2.32,-1.34,focused
1197,39.9,2.25,-1.38,-1.52,focused
1198,39.93333333333333,2.63,-1.4,0.26,focused
1199,39.96666666666667,1.64,-0.69,-0.85,focused
1200,40.0,0.53,-1.42,-0.77,focused
1201,40.03333333333333,-0.81,-2.09,-0.12,focused
1202,40.06666666666667,-1.76,-2.06,0.43,focused
1203,40.1,-0.51,-2.22,-0.97,focused
1204,40.13333333333333,0.44,-2.15,-1.32,focused
1205,40.166666666666664,1.35,-3.98,-0.48,focused
1206,40.2,3.2,-4.57,-1.05,focused
1207,40.233333333333334,3.95,-5.74,-1.85,focused
1208,40.266666666666666,3.84,-5.53,-1.82,focused
1209,40.3,3.48,-5.81,-0.83,focused
1210,40.333333333333336,2.93,-4.4,-0.94,focused
1211,40.36666666666667,1.78,-4.13,-0.54,focused
1212,40.4,0.38,-3.22,-0.65,focused
1213,40.43333333333333,-0.99,-2.69,-0.38,focused
1214,40.46666666666667,-0.96,-3.2,-0.3,focused
1215,40.5,-0.25,-3.16,-0.72,focused
1216,40.53333333333333,-0.5,-2.64,-0.61,focused
1217,40.56666666666667,-1.37,-2.52,1.21,focused
1218,40.6,-0.77,-3.11,1.31,focused
1219,40.63333333333333,-1.15,-2.14,0.31,focused
1220,40.666666666666664,-1.0,-2.05,0.72,focused
1221,40.7,-0.85,-1.65,1.23,focused
1222,40.733333333333334,-0.1,-1.26,-0.13,focused
1223,40.766666666666666,0.25,-0.78,-0.45,focused
1224,40.8,0.95,-1.54,-0.36,focused
1225,40.833333333333336,0.05,-1.79,0.46,focused
1226,40.86666666666667,0.26,-2.92,1.43,focused
1227,40.9,1.39,-2.64,1.38,focused
1228,40.93333333333333,1.76,-2.18,2.2,focused
1229,40.96666666666667,1.65,-1.61,2.68,focused
1230,41.0,1.51,-1.52,2.5,focused
1231,41.03333333333333,0.85,-0.37,1.88,focused
1232,41.06666666666667,-0.1,-1.64,1.89,focused
1233,41.1,-0.28,-2.45,1.97,focused
1234,41.13333333333333,-0.78,-2.95,1.3,focused
1235,41.166666666666664,-1.38,-2.99,-0.54,focused
1236,41.2,-0.39,-3.72,0.53,focused
1237,41.233333333333334,2.19,-3.33,0.55,focused
1238,41.266666666666666,2.74,-1.99,-1.24,focused
1239,41.3,0.97,-2.39,-0.03,focused
1240,41.333333333333336,2.42,-1.91,0.53,focused
1241,41.36666666666667,-0.24,-1.3,-1.91,focused
1242,41.4,-3.7,-1.11,-1.37,focused
1243,41.43333333333333,-4.6,-2.4,-0.49,focused
1244,41.46666666666667,-3.46,-2.84,-1.27,focused
1245,41.5,-3.44,-3.29,-0.44,focused
1246,41.53333333333333,-2.39,-3.91,-1.25,focused
1247,41.56666666666667,-0.63,-3.14,-2.61,focused
1248,41.6,-1.0,-2.67,-1.77,focused
1249,41.63333333333333,-1.06,-2.28,-2.52,focused
1250,41.666666666666664,-1.4,-1.24,-2.45,focused
1251,41.7,-0.62,-0.94,-1.15,focused
1252,41.733333333333334,-1.41,-1.31,-0.13,focused
1253,41.766666666666666,-0.93,-2.09,-0.1,focused
1254,41.8,-0.04,-2.0,1.68,focused
1255,41.833333333333336,-0.52,-3.7,1.06,focused
1256,41.86666666666667,-1.92,-3.61,-0.04,focused
1257,41.9,-2.25,-5.35,-0.22,focused
1258,41.93333333333333,-2.39,-4.96,-1.63,focused
1259,41.96666666666667,-3.86,-4.35,-2.56,focused
1260,42.0,-3.2,-4.41,-2.0,focused
1261,42.03333333333333,-0.75,-4.34,-1.15,focused
1262,42.06666666666667,0.44,-3.24,-1.09,focused
1263,42.1,0.3,-3.14,-0.34,focused
1264,42.13333333333333,0.45,-4.03,-0.84,focused
1265,42.166666666666664,-1.09,-4.23,-0.85,focused
1266,42.2,-2.84,-4.27,-0.58,focused
1267,42.233333333333334,-4.62,-3.74,-0.1,focused
1268,42.266666666666666,-5.16,-3.39,-0.74,focused
1269,42.3,-4.29,-3.54,-0.99,focused
1270,42.333333333333336,-3.31,-2.88,-1.32,focused
1271,42.36666666666667,-3.55,-3.43,-1.18,focused
1272,42.4,-2.01,-3.71,-2.07,focused
1273,42.43333333333333,-0.27,-4.67,-1.26,focused
1274,42.46666666666667,0.59,-3.62,-0.31,focused
1275,42.5,0.48,-2.93,-0.92,focused
1276,42.53333333333333,0.65,-2.92,-0.34,focused
1277,42.56666666666667,0.99,-3.61,-0.13,focused
1278,42.6,-0.44,-3.34,0.17,focused
1279,42.63333333333333,-2.48,-2.66,0.79,focused
1280,42.666666666666664,-1.19,-3.56,1.55,focused
1281,42.7,-1.56,-3.63,1.1,focused
1282,42.733333333333334,-0.83,-3.72,1.07,focused
1283,42.766666666666666,-0.46,-4.13,0.84,focused
1284,42.8,0.06,-5.21,0.07,focused
1285,42.833333333333336,-1.44,-4.94,0.03,focused
1286,42.86666666666667,-0.59,-5.06,-0.07,focused
1287,42.9,-0.31,-4.31,0.74,focused
1288,42.93333333333333,-1.3,-3.38,-0.27,focused
1289,42.96666666666667,-1.9,-3.71,0.72,focused
1290,43.0,-0.51,-3.56,-0.07,focused
1291,43.03333333333333,-0.37,-2.94,-0.16,focused
1292,43.06666666666667,-3.17,-3.56,-0.8,focused
1293,43.1,-1.62,-4.97,-0.23,focused
1294,43.13333333333333,-0.33,-4.02,-0.53,focused
1295,43.166666666666664,-0.62,-4.64,-0.76,focused
1296,43.2,-0.78,-4.22,-0.03,focused
1297,43.233333333333334,1.26,-3.43,0.24,focused
1298,43.266666666666666,0.39,-2.19,1.34,focused
1299,43.3,-0.48,-1.73,0.73,focused
1300,43.333333333333336,0.12,-2.09,2.22,focused
1301,43.36666666666667,-0.16,-3.54,1.52,focused
1302,43.4,0.08,-4.31,0.39,focused
1303,43.43333333333333,0.45,-4.28,-0.28,focused
1304,43.46666666666667,1.96,-5.29,1.03,focused
1305,43.5,1.08,-4.65,-0.29,focused
1306,43.53333333333333,1.46,-4.0,0.15,focused
1307,43.56666666666667,1.03,-4.21,1.15,focused
1308,43.6,1.64,-3.24,1.36,focused
1309,43.63333333333333,1.49,-3.16,0.48,focused
1310,43.666666666666664,2.31,-3.76,1.24,focused
1311,43.7,1.9,-3.33,1.4,focused
1312,43.733333333333334,1.05,-4.05,1.05,focused
1313,43.766666666666666,1.24,-4.65,0.77,focused
1314,43.8,0.41,-5.45,0.85,focused
1315,43.833333333333336,-1.26,-3.34,1.4,focused
1316,43.86666666666667,-1.1,-3.94,0.61,focused
1317,43.9,-0.82,-1.83,0.96,focused
1318,43.93333333333333,-2.13,-1.02,0.74,focused
1319,43.96666666666667,-1.29,-0.62,0.65,focused
1320,44.0,-0.38,-3.06,1.51,focused
1321,44.03333333333333,1.12,-2.93,0.91,focused
1322,44.06666666666667,1.59,-3.55,1.01,focused
1323,44.1,2.33,-4.38,1.85,focused
1324,44.13333333333333,2.17,-4.65,2.45,focused
1325,44.166666666666664,3.23,-1.62,0.56,focused
1326,44.2,2.39,-2.63,1.56,focused
1327,44.233333333333334,1.68,-1.53,0.88,focused
1328,44.266666666666666,0.17,-2.12,-1.17,focused
1329,44.3,0.32,-2.73,-1.98,focused
1330,44.333333333333336,-2.66,-4.81,-0.32,focused
1331,44.36666666666667,-2.56,-4.08,-0.67,focused
1332,44.4,-2.11,-4.95,-1.02,focused
1333,44.43333333333333,-0.28,-6.29,-0.21,focused
1334,44.46666666666667,-1.28,-4.67,-0.22,focused
1335,44.5,-0.74,-5.07,-1.08,focused
1336,44.53333333333333,-1.09,-4.9,-1.35,focused
1337,44.56666666666667,-0.55,-5.49,-0.59,focused
1338,44.6,0.71,-4.72,-1.32,focused
1339,44.63333333333333,1.73,-5.51,-1.52,focused
1340,44.666666666666664,2.23,-5.08,-0.68,focused
1341,44.7,2.94,-4.21,-1.25,focused
1342,44.733333333333334,1.46,-5.6,-1.68,focused
1343,44.766666666666666,0.49,-4.44,-0.7,focused
1344,44.8,-0.16,-4.45,-0.39,focused
1345,44.833333333333336,1.08,-5.26,-1.17,focused
1346,44.86666666666667,1.19,-6.03,0.1,focused
1347,44.9,4.36,-4.38,0.83,focused
1348,44.93333333333333,3.0,-4.59,1.24,focused
1349,44.96666666666667,3.18,-4.78,1.24,focused
1350,45.0,3.73,-3.55,1.63,focused
1351,45.03333333333333,2.8,-2.85,1.38,focused
1352,45.06666666666667,-0.22,-2.59,0.55,focused
1353,45.1,-0.13,-2.59,0.45,focused
1354,45.13333333333333,-1.24,-1.34,0.67,focused
1355,45.166666666666664,-2.97,-2.54,0.01,focused
1356,45.2,-3.14,-2.92,-0.38,focused
1357,45.233333333333334,-3.98,-3.34,0.03,focused
1358,45.266666666666666,-2.97,-3.87,0.86,focused
1359,45.3,-3.55,-3.72,0.38,focused
1360,45.333333333333336,-2.3,-2.75,1.16,focused
1361,45.36666666666667,-2.25,-3.48,2.23,focused
1362,45.4,-0.74,-3.11,3.15,focused
1363,45.43333333333333,-2.07,-2.33,1.79,focused
1364,45.46666666666667,-0.64,-3.08,1.02,focused
1365,45.5,-1.96,-2.31,0.87,focused
1366,45.53333333333333,-1.7,-1.51,-0.16,focused
1367,45.56666666666667,-0.52,-1.76,-0.76,focused
1368,45.6,1.22,-2.59,0.53,focused
1369,45.63333333333333,0.1,-1.65,1.21,focused
1370,45.666666666666664,0.53,-3.6,0.4,focused
1371,45.7,-0.25,-4.11,0.5,focused
1372,45.733333333333334,-0.57,-3.86,0.54,focused
1373,45.766666666666666,-2.36,-3.92,0.68,focused
1374,45.8,-1.72,-3.91,0.76,focused
1375,45.833333333333336,-1.53,-2.13,1.8,focused
1376,45.86666666666667,-0.79,-2.0,1.85,focused
1377,45.9,-1.28,-1.59,1.67,focused
1378,45.93333333333333,0.09,-0.08,0.82,focused
1379,45.96666666666667,0.93,-1.98,-0.62,focused
1380,46.0,1.24,-2.68,-1.69,focused
1381,46.03333333333333,1.52,-2.49,-0.98,focused
1382,46.06666666666667,1.32,-3.47,-0.39,focused
1383,46.1,0.65,-4.14,-0.9,focused
1384,46.13333333333333,-0.12,-3.17,0.68,focused
1385,46.166666666666664,-0.05,-3.28,-0.11,focused
1386,46.2,-0.59,-2.77,-0.96,focused
1387,46.233333333333334,-0.85,-1.73,-1.99,focused
1388,46.266666666666666,-1.91,-2.14,-1.99,focused
1389,46.3,-2.17,-2.29,-1.7,focused
1390,46.333333333333336,-2.56,-1.95,0.49,focused
1391,46.36666666666667,-2.49,-2.26,0.36,focused
1392,46.4,-2.97,-3.2,0.5,focused
1393,46.43333333333333,-1.44,-1.7,0.36,focused
1394,46.46666666666667,-1.0,-1.63,0.3,focused
1395,46.5,-0.79,-1.04,-2.24,focused
1396,46.53333333333333,-2.42,-1.51,-1.28,focused
1397,46.56666666666667,-3.0,-2.96,-0.65,focused
1398,46.6,-3.09,-5.02,-0.81,focused
1399,46.63333333333333,-3.53,-4.92,-1.42,focused
1400,46.666666666666664,-3.35,-7.4,-0.48,focused
1401,46.7,-2.34,-7.26,-1.46,focused
1402,46.733333333333334,-0.45,-6.57,-1.78,focused
1403,46.766666666666666,-0.2,-4.8,-1.47,focused
1404,46.8,0.84,-5.95,-2.53,focused
1405,46.833333333333336,1.12,-4.24,-1.31,focused
1406,46.86666666666667,0.92,-3.78,0.13,focused
1407,46.9,0.62,-2.49,0.11,focused
1408,46.93333333333333,-1.08,-2.79,0.03,focused
1409,46.96666666666667,-0.94,-2.65,0.76,focused
1410,47.0,-0.47,-2.85,0.92,focused
1411,47.03333333333333,0.57,-4.27,0.34,focused
1412,47.06666666666667,-0.24,-4.02,0.35,focused
1413,47.1,-0.22,-4.73,2.03,focused
1414,47.13333333333333,-0.23,-3.83,3.39,focused
1415,47.166666666666664,-1.21,-3.5,1.86,focused
1416,47.2,-0.96,-1.77,0.82,focused
1417,47.233333333333334,0.66,-2.24,0.27,focused
1418,47.266666666666666,2.69,-2.51,-0.59,focused
1419,47.3,2.06,-2.52,-0.94,focused
1420,47.333333333333336,2.12,-3.84,-0.96,focused
1421,47.36666666666667,2.68,-4.54,-0.77,focused
1422,47.4,0.45,-5.13,-1.45,focused
1423,47.43333333333333,-0.43,-5.32,-2.48,focused
1424,47.46666666666667,-0.25,-5.07,-1.52,focused
1425,47.5,-1.69,-3.17,-0.27,focused
1426,47.53333333333333,-3.06,-2.97,-0.23,focused
1427,47.56666666666667,-1.82,-1.42,1.35,focused
1428,47.6,-1.33,-1.32,1.04,focused
1429,47.63333333333333,-1.44,-0.81,-1.13,focused
1430,47.666666666666664,-1.08,-1.43,-2.31,focused
1431,47.7,-1.09,-1.81,-2.85,focused
1432,47.733333333333334,-2.02,-2.29,-4.0,focused
1433,47.766666666666666,-3.7,-2.41,-2.67,focused
1434,47.8,-3.69,-3.41,-1.73,focused
1435,47.833333333333336,-4.25,-3.19,-0.91,focused
1436,47.86666666666667,-3.94,-2.33,-0.77,focused
1437,47.9,-2.26,-2.66,-0.18,focused
1438,47.93333333333333,-1.0,-2.35,0.11,focused
1439,47.96666666666667,-1.7,-2.53,0.71,focused
1440,48.0,-0.78,-2.29,1.5,focused
1441,48.03333333333333,-0.77,-2.48,1.48,focused
1442,48.06666666666667,-1.07,-2.45,1.97,focused
1443,48.1,-1.57,-3.39,1.54,focused
1444,48.13333333333333,-2.36,-3.12,1.48,focused
1445,48.166666666666664,-1.73,-2.49,1.07,focused
1446,48.2,-1.93,-2.88,1.74,focused
1447,48.233333333333334,-3.8,-3.57,1.12,focused
1448,48.266666666666666,-4.92,-2.54,0.67,focused
1449,48.3,-4.6,-2.11,0.53,focused
1450,48.333333333333336,-4.57,-3.47,0.27,focused
1451,48.36666666666667,-3.51,-3.3,-0.2,focused
1452,48.4,-2.02,-2.02,-0.22,focused
1453,48.43333333333333,1.29,-2.37,-0.05,focused
1454,48.46666666666667,2.09,-2.47,-1.52,focused
1455,48.5,1.47,-2.93,-1.8,focused
1456,48.53333333333333,1.72,-2.73,-2.73,focused
1457,48.56666666666667,3.13,-3.27,-2.83,focused
1458,48.6,1.58,-2.85,-3.25,focused
1459,48.63333333333333,2.28,-3.35,-2.45,focused
1460,48.666666666666664,2.16,-3.55,-2.44,focused
1461,48.7,1.84,-3.63,-0.53,focused
1462,48.733333333333334,0.46,-4.13,0.44,focused
1463,48.766666666666666,-0.75,-4.78,0.26,focused
1464,48.8,-0.04,-3.85,0.8,focused
1465,48.833333333333336,1.36,-3.51,0.92,focused
1466,48.86666666666667,0.79,-3.31,0.36,focused
1467,48.9,0.23,-2.67,0.38,focused
1468,48.93333333333333,-11.76,1.41,0.32,focused
1469,48.96666666666667,-28.62,4.64,0.4,focused
1470,49.0,-41.06,6.82,-0.02,distracted
1471,49.03333333333333,-56.5,11.28,-0.61,distracted
1472,49.06666666666667,-66.19,15.51,-1.67,distracted
1473,49.1,-66.93,15.92,-1.54,distracted
1474,49.13333333333333,-62.77,15.23,-2.98,distracted
1475,49.166666666666664,-66.76,17.41,-3.1,distracted
1476,49.2,-64.09,16.74,-1.75,distracted
1477,49.233333333333334,-66.54,15.45,-0.91,distracted
1478,49.266666666666666,-66.9,15.32,-0.07,distracted
1479,49.3,-65.97,13.87,0.54,distracted
1480,49.333333333333336,-63.81,13.74,1.17,distracted
1481,49.36666666666667,-60.53,12.55,0.16,distracted
1482,49.4,-58.25,13.19,0.62,distracted
1483,49.43333333333333,-55.62,11.81,-0.51,distracted
1484,49.46666666666667,-59.19,14.41,0.66,distracted
1485,49.5,-54.83,15.15,1.07,distracted
1486,49.53333333333333,-58.15,14.49,1.88,distracted
1487,49.56666666666667,-59.32,14.3,1.35,distracted
1488,49.6,-59.27,16.74,2.93,distracted
1489,49.63333333333333,-55.91,16.92,2.53,distracted
1490,49.666666666666664,-59.61,16.84,0.99,distracted
1491,49.7,-57.0,16.8,0.65,distracted
1492,49.733333333333334,-59.02,17.25,0.4,distracted
1493,49.766666666666666,-62.08,16.38,-0.72,distracted
1494,49.8,-61.55,15.54,-0.8,distracted
1495,49.833333333333336,-62.34,14.19,-0.23,distracted
1496,49.86666666666667,-62.66,17.06,-0.89,distracted
1497,49.9,-59.58,14.34,-1.58,distracted
1498,49.93333333333333,-58.56,12.57,-2.19,distracted
1499,49.96666666666667,-59.31,12.35,-2.2,distracted
1500,50.0,-56.67,13.21,-1.53,distracted
1501,50.03333333333333,-58.16,10.34,-0.41,distracted
1502,50.06666666666667,-60.82,11.58,0.2,distracted
1503,50.1,-60.75,12.51,1.36,distracted
1504,50.13333333333333,-60.85,11.83,0.84,distracted
1505,50.166666666666664,-60.24,12.06,1.69,distracted
1506,50.2,-58.24,14.39,0.22,distracted
1507,50.233333333333334,-56.07,15.27,-0.0,distracted
1508,50.266666666666666,-54.34,16.63,0.09,distracted
1509,50.3,-56.31,18.28,-0.0,distracted
1510,50.333333333333336,-57.68,17.48,-1.38,distracted
1511,50.36666666666667,-58.34,15.29,0.62,distracted
1512,50.4,-62.48,14.75,1.18,distracted
1513,50.43333333333333,-61.81,13.7,0.84,distracted
1514,50.46666666666667,-59.75,12.73,2.06,distracted
1515,50.5,-58.75,13.9,1.61,distracted
1516,50.53333333333333,-60.11,14.64,-0.16,distracted
1517,50.56666666666667,-56.62,14.7,0.01,distracted
1518,50.6,-59.26,16.52,-0.49,distracted
1519,50.63333333333333,-59.57,17.55,-1.67,distracted
1520,50.666666666666664,-59.55,15.44,-0.22,distracted
1521,50.7,-59.4,15.15,0.2,distracted
1522,50.733333333333334,-58.68,15.1,-0.64,distracted
1523,50.766666666666666,-57.32,12.2,0.99,distracted
1524,50.8,-58.58,12.24,1.46,distracted
1525,50.833333333333336,-61.52,13.47,1.06,distracted
1526,50.86666666666667,-61.84,15.26,1.85,distracted
1527,50.9,-61.67,15.38,1.65,distracted
1528,50.93333333333333,-62.29,16.76,0.89,distracted
1529,50.96666666666667,-64.86,15.92,0.86,distracted
1530,51.0,-63.73,17.21,0.64,distracted
1531,51.03333333333333,-61.33,15.8,0.59,distracted
1532,51.06666666666667,-60.19,17.58,0.58,distracted
1533,51.1,-59.61,17.03,0.55,distracted
1534,51.13333333333333,-55.04,16.2,0.49,distracted
1535,51.166666666666664,-57.83,16.35,-0.07,distracted
1536,51.2,-59.83,16.26,0.06,distracted
1537,51.233333333333334,-66.99,14.93,0.65,distracted
1538,51.266666666666666,-67.31,17.0,-0.17,distracted
1539,51.3,-67.17,18.2,0.54,distracted
1540,51.333333333333336,-65.01,16.02,1.51,distracted
1541,51.36666666666667,-64.42,14.79,0.5,distracted
1542,51.4,-59.26,15.64,0.15,distracted
1543,51.43333333333333,-63.2,14.44,-0.05,distracted
1544,51.46666666666667,-67.66,11.25,-0.32,distracted
1545,51.5,-66.39,11.76,-0.14,distracted
1546,51.53333333333333,-66.05,14.92,-0.65,distracted
1547,51.56666666666667,-66.72,12.46,-0.38,distracted
1548,51.6,-62.46,12.57,0.38,distracted
1549,51.63333333333333,-58.23,16.1,1.18,distracted
1550,51.666666666666664,-58.94,15.39,0.49,distracted
1551,51.7,-61.24,15.25,1.16,distracted
1552,51.733333333333334,-62.09,16.4,1.73,distracted
1553,51.766666666666666,-61.95,15.13,2.7,distracted
1554,51.8,-64.32,14.46,1.8,distracted
1555,51.833333333333336,-66.42,15.88,1.02,distracted
1556,51.86666666666667,-63.82,13.44,1.6,distracted
1557,51.9,-61.15,14.77,1.32,distracted
1558,51.93333333333333,-61.26,14.84,1.21,distracted
1559,51.96666666666667,-61.01,13.77,1.22,distracted
1560,52.0,-59.68,12.34,0.98,distracted
1561,52.03333333333333,-61.77,13.22,0.71,distracted
1562,52.06666666666667,-62.01,12.88,0.45,distracted
1563,52.1,-61.96,13.97,0.33,distracted
1564,52.13333333333333,-60.64,14.54,-0.67,distracted
1565,52.166666666666664,-61.68,16.15,0.55,distracted
1566,52.2,-59.98,16.11,1.24,distracted
1567,52.233333333333334,-62.28,16.53,1.34,distracted
1568,52.266666666666666,-62.93,16.62,0.82,distracted
1569,52.3,-62.57,17.17,1.39,distracted
1570,52.333333333333336,-56.43,17.68,1.48,distracted
1571,52.36666666666667,-57.18,18.82,0.94,distracted
1572,52.4,-56.36,17.56,0.92,distracted
1573,52.43333333333333,-60.46,17.18,0.38,distracted
1574,52.46666666666667,-58.48,17.12,-0.31,distracted
1575,52.5,-62.38,14.89,-0.46,distracted
1576,52.53333333333333,-62.1,14.84,-1.25,distracted
1577,52.56666666666667,-62.08,13.78,-0.78,distracted
1578,52.6,-56.18,14.06,-0.48,distracted
1579,52.63333333333333,-58.07,15.65,0.06,distracted
1580,52.666666666666664,-57.76,15.61,-0.74,distracted
1581,52.7,-58.07,15.75,-0.42,distracted
1582,52.733333333333334,-58.51,16.71,-1.17,distracted
1583,52.766666666666666,-58.86,14.72,-0.4,distracted
1584,52.8,-60.59,13.84,-0.99,distracted
1585,52.833333333333336,-59.74,15.59,-0.24,distracted
1586,52.86666666666667,-61.49,14.74,-0.79,distracted
1587,52.9,-61.52,16.18,0.01,distracted
1588,52.93333333333333,-49.77,12.89,-0.38,distracted
1589,52.96666666666667,-36.49,6.31,0.86,distracted
1590,53.0,-25.39,2.6,-0.03,focused
1591,53.03333333333333,-14.77,-1.42,0.85,focused
1592,53.06666666666667,-3.86,-7.23,2.03,focused
1593,53.1,-4.18,-5.87,1.25,focused
1594,53.13333333333333,-6.29,-4.15,0.62,focused
1595,53.166666666666664,-6.66,-5.2,1.44,focused
1596,53.2,-3.64,-6.44,1.55,focused
1597,53.233333333333334,-3.9,-7.29,0.34,focused
1598,53.266666666666666,-3.08,-7.93,-0.1,focused
1599,53.3,-1.7,-8.0,-0.9,focused
1600,53.333333333333336,-2.04,-7.39,-0.2,focused
1601,53.36666666666667,-2.31,-5.77,-1.64,focused
1602,53.4,0.3,-4.77,-1.9,focused
1603,53.43333333333333,-0.45,-3.67,-1.59,focused
1604,53.46666666666667,0.88,-3.68,-0.73,focused
1605,53.5,1.44,-4.88,-1.59,focused
1606,53.53333333333333,1.79,-5.29,-0.39,focused
1607,53.56666666666667,1.93,-3.91,-1.21,focused
1608,53.6,3.05,-5.92,-0.33,focused
1609,53.63333333333333,3.04,-7.22,-0.18,focused
1610,53.666666666666664,2.76,-7.15,0.64,focused
1611,53.7,2.16,-7.99,0.63,focused
1612,53.733333333333334,2.05,-8.84,1.96,focused
1613,53.766666666666666,1.71,-9.64,1.29,focused
1614,53.8,0.53,-7.72,-0.34,focused
1615,53.833333333333336,3.55,-6.69,-1.06,focused
1616,53.86666666666667,5.39,-4.17,-0.58,focused
1617,53.9,5.65,-3.95,-1.37,focused
1618,53.93333333333333,4.64,-2.87,-1.46,focused
1619,53.96666666666667,3.85,-3.32,-0.9,focused
1620,54.0,1.49,-3.77,-0.9,focused
1621,54.03333333333333,-0.21,-3.18,-0.6,focused
1622,54.06666666666667,-2.4,-3.1,-0.88,focused
1623,54.1,-2.94,-3.51,-0.21,focused
1624,54.13333333333333,-2.27,-2.68,1.4,focused
1625,54.166666666666664,-1.09,-3.33,1.59,focused
1626,54.2,0.07,-6.17,0.31,focused
1627,54.233333333333334,2.92,-6.18,1.06,focused
1628,54.266666666666666,3.11,-6.08,0.46,focused
1629,54.3,3.67,-7.71,-0.14,focused
1630,54.333333333333336,0.61,-7.92,-0.03,focused
1631,54.36666666666667,0.58,-7.85,-0.17,focused
1632,54.4,-2.06,-8.33,-0.17,focused
1633,54.43333333333333,-0.31,-7.76,-0.52,focused
1634,54.46666666666667,0.08,-7.56,-0.82,focused
1635,54.5,3.1,-6.01,-1.13,focused
1636,54.53333333333333,1.22,-5.52,0.12,focused
1637,54.56666666666667,1.87,-4.14,0.5,focused
1638,54.6,2.61,-3.5,1.55,focused
1639,54.63333333333333,3.76,-2.49,1.56,focused
1640,54.666666666666664,1.98,-2.96,0.69,focused
1641,54.7,3.11,-2.25,-1.26,focused
1642,54.733333333333334,5.02,-2.43,-2.31,focused
1643,54.766666666666666,3.9,-2.67,-1.93,focused
1644,54.8,3.47,-4.15,-1.27,focused
1645,54.833333333333336,3.71,-4.28,-0.94,focused
1646,54.86666666666667,5.6,-4.32,-0.07,focused
1647,54.9,2.73,-5.53,0.47,focused
1648,54.93333333333333,2.43,-4.53,0.21,focused
1649,54.96666666666667,2.42,-3.15,-0.98,focused
1650,55.0,2.43,-2.36,-0.57,focused
1651,55.03333333333333,1.18,-3.45,-0.75,focused
1652,55.06666666666667,2.39,-2.9,-1.4,focused
1653,55.1,1.92,-4.65,-1.2,focused
1654,55.13333333333333,0.65,-3.75,0.55,focused
1655,55.166666666666664,0.77,-5.4,-0.67,focused
1656,55.2,-1.21,-6.25,0.77,focused
1657,55.233333333333334,-0.97,-6.18,-0.17,focused
1658,55.266666666666666,-1.93,-4.72,-0.67,focused
1659,55.3,-1.78,-5.43,-0.6,focused
1660,55.333333333333336,-1.92,-4.57,0.76,focused
1661,55.36666666666667,1.94,-5.15,0.35,focused
1662,55.4,1.71,-5.01,1.28,focused
1663,55.43333333333333,2.86,-5.15,2.98,focused
1664,55.46666666666667,3.82,-6.28,1.74,focused
1665,55.5,3.58,-7.77,1.43,focused
1666,55.53333333333333,1.92,-7.11,1.65,focused
1667,55.56666666666667,2.53,-8.15,1.96,focused
1668,55.6,4.17,-8.13,0.1,focused
1669,55.63333333333333,3.13,-7.4,0.04,focused
1670,55.666666666666664,1.48,-4.32,0.34,focused
1671,55.7,1.14,-3.35,-0.73,focused
1672,55.733333333333334,0.47,-4.04,0.72,focused
1673,55.766666666666666,-2.36,-5.46,0.45,focused
1674,55.8,-0.84,-5.51,0.01,focused
1675,55.833333333333336,2.52,-6.56,0.24,focused
1676,55.86666666666667,2.84,-4.59,1.99,focused
1677,55.9,2.34,-2.01,0.86,focused
1678,55.93333333333333,4.07,-2.54,1.02,focused
1679,55.96666666666667,1.97,-1.89,2.4,focused
1680,56.0,-1.36,-2.49,2.75,focused
1681,56.03333333333333,-2.26,-3.83,1.65,focused
1682,56.06666666666667,-1.23,-5.34,0.69,focused
1683,56.1,-2.85,-3.42,0.81,focused
1684,56.13333333333333,-2.18,-4.42,-0.02,focused
1685,56.166666666666664,0.94,-4.67,-1.5,focused
1686,56.2,1.87,-5.42,-1.69,focused
1687,56.233333333333334,3.14,-5.22,-0.78,focused
1688,56.266666666666666,3.08,-5.96,-0.43,focused
1689,56.3,1.66,-5.46,-0.19,focused
1690,56.333333333333336,0.66,-4.37,0.82,focused
1691,56.36666666666667,1.39,-5.0,0.88,focused
1692,56.4,-0.13,-5.84,1.28,focused
1693,56.43333333333333,3.37,-5.67,1.22,focused
1694,56.46666666666667,5.01,-6.41,0.07,focused
1695,56.5,4.27,-8.35,0.89,focused
1696,56.53333333333333,2.67,-7.83,1.34,focused
1697,56.56666666666667,1.47,-7.59,0.81,focused
1698,56.6,0.17,-7.17,0.65,focused
1699,56.63333333333333,0.16,-6.28,1.87,focused
1700,56.666666666666664,-0.16,-5.13,0.2,focused
1701,56.7,0.04,-5.24,1.19,focused
1702,56.733333333333334,1.12,-5.75,1.07,focused
1703,56.766666666666666,0.61,-4.81,0.57,focused
1704,56.8,-1.05,-4.48,-0.38,focused
1705,56.833333333333336,-0.46,-4.72,0.22,focused
1706,56.86666666666667,0.15,-4.88,-1.47,focused
1707,56.9,0.18,-3.64,-1.33,focused
1708,56.93333333333333,0.09,-4.3,-0.74,focused
1709,56.96666666666667,2.13,-6.22,0.12,focused
1710,57.0,3.04,-5.43,-0.26,focused
1711,57.03333333333333,1.7,-5.35,0.23,focused
1712,57.06666666666667,2.74,-5.79,0.72,focused
1713,57.1,2.43,-6.57,0.35,focused
1714,57.13333333333333,2.72,-5.04,1.69,focused
1715,57.166666666666664,1.39,-5.21,1.79,focused
1716,57.2,1.18,-4.76,1.55,focused
1717,57.233333333333334,3.07,-4.58,0.33,focused
1718,57.266666666666666,3.22,-6.14,0.4,focused
1719,57.3,2.49,-5.77,-0.38,focused
1720,57.333333333333336,2.83,-6.3,-0.53,focused
1721,57.36666666666667,2.58,-6.04,-1.37,focused
1722,57.4,-0.76,-6.69,-0.37,focused
1723,57.43333333333333,0.77,-6.07,-1.42,focused
1724,57.46666666666667,0.63,-6.7,-1.87,focused
1725,57.5,0.69,-6.74,-1.19,focused
1726,57.53333333333333,2.86,-8.55,-0.65,focused
1727,57.56666666666667,3.48,-8.49,0.06,focused
1728,57.6,1.05,-7.48,1.5,focused
1729,57.63333333333333,0.58,-8.97,1.11,focused
1730,57.666666666666664,2.06,-9.08,0.39,focused
1731,57.7,1.94,-7.78,0.3,focused
1732,57.733333333333334,1.88,-6.43,0.69,focused
1733,57.766666666666666,3.34,-5.47,0.05,focused
1734,57.8,2.91,-3.94,0.38,focused
1735,57.833333333333336,0.8,-3.81,1.12,focused
1736,57.86666666666667,0.23,-3.14,1.6,focused
1737,57.9,-0.42,-4.17,-0.54,focused
1738,57.93333333333333,0.53,-5.09,-0.38,focused
1739,57.96666666666667,0.63,-2.79,-1.08,focused
1740,58.0,1.28,-2.32,-0.96,focused
1741,58.03333333333333,1.88,-1.27,-0.83,focused
1742,58.06666666666667,1.33,-1.07,0.07,focused
1743,58.1,1.61,-2.2,0.93,focused
1744,58.13333333333333,2.72,-3.87,1.51,focused
1745,58.166666666666664,2.31,-3.61,1.54,focused
1746,58.2,2.32,-5.06,0.88,focused
1747,58.233333333333334,1.82,-4.2,0.95,focused
1748,58.266666666666666,-1.22,-3.52,-0.05,focused
1749,58.3,-2.88,-4.84,-0.67,focused
1750,58.333333333333336,-2.45,-6.03,-2.04,focused
1751,58.36666666666667,-1.4,-5.02,-2.15,focused
1752,58.4,0.43,-5.34,-1.69,focused
1753,58.43333333333333,0.58,-4.04,-1.74,focused
1754,58.46666666666667,0.73,-2.8,-0.28,focused
1755,58.5,3.73,-3.17,1.11,focused
1756,58.53333333333333,1.3,-3.55,0.7,focused
1757,58.56666666666667,-0.24,-4.5,0.03,focused
1758,58.6,-0.06,-4.85,0.98,focused
1759,58.63333333333333,1.87,-4.13,0.45,focused
1760,58.666666666666664,-1.93,-2.08,-0.33,focused
1761,58.7,-0.61,-1.45,0.82,focused
1762,58.733333333333334,-0.84,-1.56,1.57,focused
1763,58.766666666666666,-0.37,-2.03,1.41,focused
1764,58.8,-0.28,-3.1,1.03,focused
1765,58.833333333333336,0.63,-3.5,1.73,focused
1766,58.86666666666667,-0.54,-3.9,1.38,focused
1767,58.9,0.11,-3.77,-0.0,focused
1768,58.93333333333333,0.0,-2.85,-0.94,focused
1769,58.96666666666667,-0.51,-3.59,-0.97,focused
1770,59.0,-1.7,-4.46,-1.42,focused
1771,59.03333333333333,-0.91,-5.14,-2.06,focused
1772,59.06666666666667,1.03,-4.37,-1.36,focused
1773,59.1,1.29,-5.77,-0.74,focused
1774,59.13333333333333,1.58,-6.64,-0.91,focused
1775,59.166666666666664,2.84,-6.26,-0.08,focused
1776,59.2,1.52,-6.84,0.33,focused
1777,59.233333333333334,-0.36,-7.28,0.68,focused
1778,59.266666666666666,-1.41,-6.53,-0.47,focused
1779,59.3,-2.44,-5.39,0.85,focused
1780,59.333333333333336,-2.46,-7.36,-1.06,focused
1781,59.36666666666667,-1.66,-6.47,-0.53,focused
1782,59.4,-0.69,-5.26,-1.31,focused
1783,59.43333333333333,1.26,-6.91,-0.84,focused
1784,59.46666666666667,0.01,-6.87,-1.87,focused
1785,59.5,0.4,-5.06,-1.23,focused
1786,59.53333333333333,0.18,-6.74,-0.63,focused
1787,59.56666666666667,-0.29,-8.07,0.64,focused
1788,59.6,-2.43,-7.66,0.53,focused
1789,59.63333333333333,-0.69,-7.09,1.0,focused
1790,59.666666666666664,1.77,-8.94,1.92,focused
1791,59.7,1.4,-8.21,0.73,focused
1792,59.733333333333334,0.8,-6.48,0.28,focused
1793,59.766666666666666,2.06,-4.49,0.04,focused
1794,59.8,0.8,-6.58,-0.83,focused
1795,59.833333333333336,-1.61,-4.7,-1.1,focused
1796,59.86666666666667,-2.47,-3.59,-0.59,focused
1797,59.9,-0.82,-6.45,-0.91,focused
1798,59.93333333333333,-1.31,-8.16,0.0,focused
1799,59.96666666666667,0.14,-6.32,0.7,focused
